#pragma once

// Auto-generated by build_dx12_shaders.bat - do not edit.
// Rebuild with: build_dx12_shaders.bat

namespace systems::leal::campello_widgets::shaders {

static const unsigned char krect_vs_cso[] = {
    0x44, 0x58, 0x42, 0x43, 0xd4, 0x0b, 0xb6, 0xad, 0x1d, 0x73, 0x41, 0xb5,
    0x0e, 0x8c, 0x91, 0x3d, 0x53, 0xa8, 0x97, 0xaa, 0x01, 0x00, 0x00, 0x00,
    0x10, 0x04, 0x00, 0x00, 0x05, 0x00, 0x00, 0x00, 0x34, 0x00, 0x00, 0x00,
    0xd0, 0x01, 0x00, 0x00, 0x04, 0x02, 0x00, 0x00, 0x58, 0x02, 0x00, 0x00,
    0x74, 0x03, 0x00, 0x00, 0x52, 0x44, 0x45, 0x46, 0x94, 0x01, 0x00, 0x00,
    0x01, 0x00, 0x00, 0x00, 0x6c, 0x00, 0x00, 0x00, 0x01, 0x00, 0x00, 0x00,
    0x3c, 0x00, 0x00, 0x00, 0x00, 0x05, 0xfe, 0xff, 0x00, 0x01, 0x00, 0x00,
    0x69, 0x01, 0x00, 0x00, 0x52, 0x44, 0x31, 0x31, 0x3c, 0x00, 0x00, 0x00,
    0x18, 0x00, 0x00, 0x00, 0x20, 0x00, 0x00, 0x00, 0x28, 0x00, 0x00, 0x00,
    0x24, 0x00, 0x00, 0x00, 0x0c, 0x00, 0x00, 0x00, 0x00, 0x00, 0x00, 0x00,
    0x5c, 0x00, 0x00, 0x00, 0x00, 0x00, 0x00, 0x00, 0x00, 0x00, 0x00, 0x00,
    0x00, 0x00, 0x00, 0x00, 0x00, 0x00, 0x00, 0x00, 0x00, 0x00, 0x00, 0x00,
    0x01, 0x00, 0x00, 0x00, 0x01, 0x00, 0x00, 0x00, 0x52, 0x65, 0x63, 0x74,
    0x55, 0x6e, 0x69, 0x66, 0x6f, 0x72, 0x6d, 0x73, 0x00, 0xab, 0xab, 0xab,
    0x5c, 0x00, 0x00, 0x00, 0x03, 0x00, 0x00, 0x00, 0x84, 0x00, 0x00, 0x00,
    0x20, 0x00, 0x00, 0x00, 0x00, 0x00, 0x00, 0x00, 0x00, 0x00, 0x00, 0x00,
    0xfc, 0x00, 0x00, 0x00, 0x00, 0x00, 0x00, 0x00, 0x10, 0x00, 0x00, 0x00,
    0x02, 0x00, 0x00, 0x00, 0x0c, 0x01, 0x00, 0x00, 0x00, 0x00, 0x00, 0x00,
    0xff, 0xff, 0xff, 0xff, 0x00, 0x00, 0x00, 0x00, 0xff, 0xff, 0xff, 0xff,
    0x00, 0x00, 0x00, 0x00, 0x30, 0x01, 0x00, 0x00, 0x10, 0x00, 0x00, 0x00,
    0x08, 0x00, 0x00, 0x00, 0x02, 0x00, 0x00, 0x00, 0x40, 0x01, 0x00, 0x00,
    0x00, 0x00, 0x00, 0x00, 0xff, 0xff, 0xff, 0xff, 0x00, 0x00, 0x00, 0x00,
    0xff, 0xff, 0xff, 0xff, 0x00, 0x00, 0x00, 0x00, 0x64, 0x01, 0x00, 0x00,
    0x18, 0x00, 0x00, 0x00, 0x08, 0x00, 0x00, 0x00, 0x00, 0x00, 0x00, 0x00,
    0x40, 0x01, 0x00, 0x00, 0x00, 0x00, 0x00, 0x00, 0xff, 0xff, 0xff, 0xff,
    0x00, 0x00, 0x00, 0x00, 0xff, 0xff, 0xff, 0xff, 0x00, 0x00, 0x00, 0x00,
    0x63, 0x6f, 0x6c, 0x6f, 0x72, 0x00, 0x66, 0x6c, 0x6f, 0x61, 0x74, 0x34,
    0x00, 0xab, 0xab, 0xab, 0x01, 0x00, 0x03, 0x00, 0x01, 0x00, 0x04, 0x00,
    0x00, 0x00, 0x00, 0x00, 0x00, 0x00, 0x00, 0x00, 0x00, 0x00, 0x00, 0x00,
    0x00, 0x00, 0x00, 0x00, 0x00, 0x00, 0x00, 0x00, 0x00, 0x00, 0x00, 0x00,
    0x02, 0x01, 0x00, 0x00, 0x76, 0x69, 0x65, 0x77, 0x70, 0x6f, 0x72, 0x74,
    0x00, 0x66, 0x6c, 0x6f, 0x61, 0x74, 0x32, 0x00, 0x01, 0x00, 0x03, 0x00,
    0x01, 0x00, 0x02, 0x00, 0x00, 0x00, 0x00, 0x00, 0x00, 0x00, 0x00, 0x00,
    0x00, 0x00, 0x00, 0x00, 0x00, 0x00, 0x00, 0x00, 0x00, 0x00, 0x00, 0x00,
    0x00, 0x00, 0x00, 0x00, 0x39, 0x01, 0x00, 0x00, 0x5f, 0x70, 0x61, 0x64,
    0x00, 0x4d, 0x69, 0x63, 0x72, 0x6f, 0x73, 0x6f, 0x66, 0x74, 0x20, 0x28,
    0x52, 0x29, 0x20, 0x48, 0x4c, 0x53, 0x4c, 0x20, 0x53, 0x68, 0x61, 0x64,
    0x65, 0x72, 0x20, 0x43, 0x6f, 0x6d, 0x70, 0x69, 0x6c, 0x65, 0x72, 0x20,
    0x31, 0x30, 0x2e, 0x31, 0x00, 0xab, 0xab, 0xab, 0x49, 0x53, 0x47, 0x4e,
    0x2c, 0x00, 0x00, 0x00, 0x01, 0x00, 0x00, 0x00, 0x08, 0x00, 0x00, 0x00,
    0x20, 0x00, 0x00, 0x00, 0x00, 0x00, 0x00, 0x00, 0x00, 0x00, 0x00, 0x00,
    0x03, 0x00, 0x00, 0x00, 0x00, 0x00, 0x00, 0x00, 0x07, 0x07, 0x00, 0x00,
    0x54, 0x45, 0x58, 0x43, 0x4f, 0x4f, 0x52, 0x44, 0x00, 0xab, 0xab, 0xab,
    0x4f, 0x53, 0x47, 0x4e, 0x4c, 0x00, 0x00, 0x00, 0x02, 0x00, 0x00, 0x00,
    0x08, 0x00, 0x00, 0x00, 0x38, 0x00, 0x00, 0x00, 0x00, 0x00, 0x00, 0x00,
    0x01, 0x00, 0x00, 0x00, 0x03, 0x00, 0x00, 0x00, 0x00, 0x00, 0x00, 0x00,
    0x0f, 0x00, 0x00, 0x00, 0x44, 0x00, 0x00, 0x00, 0x00, 0x00, 0x00, 0x00,
    0x00, 0x00, 0x00, 0x00, 0x03, 0x00, 0x00, 0x00, 0x01, 0x00, 0x00, 0x00,
    0x0f, 0x00, 0x00, 0x00, 0x53, 0x56, 0x5f, 0x50, 0x4f, 0x53, 0x49, 0x54,
    0x49, 0x4f, 0x4e, 0x00, 0x43, 0x4f, 0x4c, 0x4f, 0x52, 0x00, 0xab, 0xab,
    0x53, 0x48, 0x45, 0x58, 0x14, 0x01, 0x00, 0x00, 0x50, 0x00, 0x01, 0x00,
    0x45, 0x00, 0x00, 0x00, 0x6a, 0x08, 0x00, 0x01, 0x59, 0x00, 0x00, 0x04,
    0x46, 0x8e, 0x20, 0x00, 0x00, 0x00, 0x00, 0x00, 0x02, 0x00, 0x00, 0x00,
    0x5f, 0x00, 0x00, 0x03, 0x72, 0x10, 0x10, 0x00, 0x00, 0x00, 0x00, 0x00,
    0x67, 0x00, 0x00, 0x04, 0xf2, 0x20, 0x10, 0x00, 0x00, 0x00, 0x00, 0x00,
    0x01, 0x00, 0x00, 0x00, 0x65, 0x00, 0x00, 0x03, 0xf2, 0x20, 0x10, 0x00,
    0x01, 0x00, 0x00, 0x00, 0x68, 0x00, 0x00, 0x02, 0x01, 0x00, 0x00, 0x00,
    0x00, 0x00, 0x00, 0x07, 0x32, 0x00, 0x10, 0x00, 0x00, 0x00, 0x00, 0x00,
    0x46, 0x10, 0x10, 0x00, 0x00, 0x00, 0x00, 0x00, 0x46, 0x10, 0x10, 0x00,
    0x00, 0x00, 0x00, 0x00, 0x0e, 0x00, 0x00, 0x08, 0x32, 0x00, 0x10, 0x00,
    0x00, 0x00, 0x00, 0x00, 0x46, 0x00, 0x10, 0x00, 0x00, 0x00, 0x00, 0x00,
    0x46, 0x80, 0x20, 0x00, 0x00, 0x00, 0x00, 0x00, 0x01, 0x00, 0x00, 0x00,
    0x00, 0x00, 0x00, 0x08, 0x32, 0x00, 0x10, 0x00, 0x00, 0x00, 0x00, 0x00,
    0x46, 0x00, 0x10, 0x00, 0x00, 0x00, 0x00, 0x00, 0xa6, 0x1a, 0x10, 0x80,
    0x41, 0x00, 0x00, 0x00, 0x00, 0x00, 0x00, 0x00, 0x38, 0x00, 0x00, 0x0a,
    0x32, 0x20, 0x10, 0x00, 0x00, 0x00, 0x00, 0x00, 0x46, 0x00, 0x10, 0x00,
    0x00, 0x00, 0x00, 0x00, 0x02, 0x40, 0x00, 0x00, 0x00, 0x00, 0x80, 0x3f,
    0x00, 0x00, 0x80, 0xbf, 0x00, 0x00, 0x00, 0x00, 0x00, 0x00, 0x00, 0x00,
    0x36, 0x00, 0x00, 0x05, 0x42, 0x20, 0x10, 0x00, 0x00, 0x00, 0x00, 0x00,
    0x01, 0x40, 0x00, 0x00, 0x00, 0x00, 0x00, 0x00, 0x36, 0x00, 0x00, 0x05,
    0x82, 0x20, 0x10, 0x00, 0x00, 0x00, 0x00, 0x00, 0x2a, 0x10, 0x10, 0x00,
    0x00, 0x00, 0x00, 0x00, 0x36, 0x00, 0x00, 0x06, 0xf2, 0x20, 0x10, 0x00,
    0x01, 0x00, 0x00, 0x00, 0x46, 0x8e, 0x20, 0x00, 0x00, 0x00, 0x00, 0x00,
    0x00, 0x00, 0x00, 0x00, 0x3e, 0x00, 0x00, 0x01, 0x53, 0x54, 0x41, 0x54,
    0x94, 0x00, 0x00, 0x00, 0x08, 0x00, 0x00, 0x00, 0x01, 0x00, 0x00, 0x00,
    0x00, 0x00, 0x00, 0x00, 0x03, 0x00, 0x00, 0x00, 0x04, 0x00, 0x00, 0x00,
    0x00, 0x00, 0x00, 0x00, 0x00, 0x00, 0x00, 0x00, 0x01, 0x00, 0x00, 0x00,
    0x00, 0x00, 0x00, 0x00, 0x00, 0x00, 0x00, 0x00, 0x00, 0x00, 0x00, 0x00,
    0x00, 0x00, 0x00, 0x00, 0x00, 0x00, 0x00, 0x00, 0x00, 0x00, 0x00, 0x00,
    0x00, 0x00, 0x00, 0x00, 0x00, 0x00, 0x00, 0x00, 0x00, 0x00, 0x00, 0x00,
    0x00, 0x00, 0x00, 0x00, 0x00, 0x00, 0x00, 0x00, 0x03, 0x00, 0x00, 0x00,
    0x00, 0x00, 0x00, 0x00, 0x00, 0x00, 0x00, 0x00, 0x00, 0x00, 0x00, 0x00,
    0x00, 0x00, 0x00, 0x00, 0x00, 0x00, 0x00, 0x00, 0x00, 0x00, 0x00, 0x00,
    0x00, 0x00, 0x00, 0x00, 0x00, 0x00, 0x00, 0x00, 0x00, 0x00, 0x00, 0x00,
    0x00, 0x00, 0x00, 0x00, 0x00, 0x00, 0x00, 0x00, 0x00, 0x00, 0x00, 0x00,
    0x00, 0x00, 0x00, 0x00, 0x00, 0x00, 0x00, 0x00, 0x00, 0x00, 0x00, 0x00,
    0x00, 0x00, 0x00, 0x00, 0x00, 0x00, 0x00, 0x00,
};

static const unsigned int krect_vs_csoSize = 1040;

static const unsigned char krect_ps_cso[] = {
    0x44, 0x58, 0x42, 0x43, 0x1f, 0x93, 0xbd, 0x79, 0xd2, 0xe3, 0x2c, 0xb5,
    0x6f, 0x06, 0x7a, 0xee, 0x13, 0xe3, 0xed, 0x37, 0x01, 0x00, 0x00, 0x00,
    0x24, 0x02, 0x00, 0x00, 0x05, 0x00, 0x00, 0x00, 0x34, 0x00, 0x00, 0x00,
    0xa0, 0x00, 0x00, 0x00, 0xf4, 0x00, 0x00, 0x00, 0x28, 0x01, 0x00, 0x00,
    0x88, 0x01, 0x00, 0x00, 0x52, 0x44, 0x45, 0x46, 0x64, 0x00, 0x00, 0x00,
    0x00, 0x00, 0x00, 0x00, 0x00, 0x00, 0x00, 0x00, 0x00, 0x00, 0x00, 0x00,
    0x3c, 0x00, 0x00, 0x00, 0x00, 0x05, 0xff, 0xff, 0x00, 0x01, 0x00, 0x00,
    0x3c, 0x00, 0x00, 0x00, 0x52, 0x44, 0x31, 0x31, 0x3c, 0x00, 0x00, 0x00,
    0x18, 0x00, 0x00, 0x00, 0x20, 0x00, 0x00, 0x00, 0x28, 0x00, 0x00, 0x00,
    0x24, 0x00, 0x00, 0x00, 0x0c, 0x00, 0x00, 0x00, 0x00, 0x00, 0x00, 0x00,
    0x4d, 0x69, 0x63, 0x72, 0x6f, 0x73, 0x6f, 0x66, 0x74, 0x20, 0x28, 0x52,
    0x29, 0x20, 0x48, 0x4c, 0x53, 0x4c, 0x20, 0x53, 0x68, 0x61, 0x64, 0x65,
    0x72, 0x20, 0x43, 0x6f, 0x6d, 0x70, 0x69, 0x6c, 0x65, 0x72, 0x20, 0x31,
    0x30, 0x2e, 0x31, 0x00, 0x49, 0x53, 0x47, 0x4e, 0x4c, 0x00, 0x00, 0x00,
    0x02, 0x00, 0x00, 0x00, 0x08, 0x00, 0x00, 0x00, 0x38, 0x00, 0x00, 0x00,
    0x00, 0x00, 0x00, 0x00, 0x01, 0x00, 0x00, 0x00, 0x03, 0x00, 0x00, 0x00,
    0x00, 0x00, 0x00, 0x00, 0x0f, 0x00, 0x00, 0x00, 0x44, 0x00, 0x00, 0x00,
    0x00, 0x00, 0x00, 0x00, 0x00, 0x00, 0x00, 0x00, 0x03, 0x00, 0x00, 0x00,
    0x01, 0x00, 0x00, 0x00, 0x0f, 0x0f, 0x00, 0x00, 0x53, 0x56, 0x5f, 0x50,
    0x4f, 0x53, 0x49, 0x54, 0x49, 0x4f, 0x4e, 0x00, 0x43, 0x4f, 0x4c, 0x4f,
    0x52, 0x00, 0xab, 0xab, 0x4f, 0x53, 0x47, 0x4e, 0x2c, 0x00, 0x00, 0x00,
    0x01, 0x00, 0x00, 0x00, 0x08, 0x00, 0x00, 0x00, 0x20, 0x00, 0x00, 0x00,
    0x00, 0x00, 0x00, 0x00, 0x00, 0x00, 0x00, 0x00, 0x03, 0x00, 0x00, 0x00,
    0x00, 0x00, 0x00, 0x00, 0x0f, 0x00, 0x00, 0x00, 0x53, 0x56, 0x5f, 0x54,
    0x41, 0x52, 0x47, 0x45, 0x54, 0x00, 0xab, 0xab, 0x53, 0x48, 0x45, 0x58,
    0x58, 0x00, 0x00, 0x00, 0x50, 0x00, 0x00, 0x00, 0x16, 0x00, 0x00, 0x00,
    0x6a, 0x08, 0x00, 0x01, 0x62, 0x10, 0x00, 0x03, 0xf2, 0x10, 0x10, 0x00,
    0x01, 0x00, 0x00, 0x00, 0x65, 0x00, 0x00, 0x03, 0xf2, 0x20, 0x10, 0x00,
    0x00, 0x00, 0x00, 0x00, 0x38, 0x00, 0x00, 0x07, 0x72, 0x20, 0x10, 0x00,
    0x00, 0x00, 0x00, 0x00, 0xf6, 0x1f, 0x10, 0x00, 0x01, 0x00, 0x00, 0x00,
    0x46, 0x12, 0x10, 0x00, 0x01, 0x00, 0x00, 0x00, 0x36, 0x00, 0x00, 0x05,
    0x82, 0x20, 0x10, 0x00, 0x00, 0x00, 0x00, 0x00, 0x3a, 0x10, 0x10, 0x00,
    0x01, 0x00, 0x00, 0x00, 0x3e, 0x00, 0x00, 0x01, 0x53, 0x54, 0x41, 0x54,
    0x94, 0x00, 0x00, 0x00, 0x03, 0x00, 0x00, 0x00, 0x00, 0x00, 0x00, 0x00,
    0x00, 0x00, 0x00, 0x00, 0x02, 0x00, 0x00, 0x00, 0x01, 0x00, 0x00, 0x00,
    0x00, 0x00, 0x00, 0x00, 0x00, 0x00, 0x00, 0x00, 0x01, 0x00, 0x00, 0x00,
    0x00, 0x00, 0x00, 0x00, 0x00, 0x00, 0x00, 0x00, 0x00, 0x00, 0x00, 0x00,
    0x00, 0x00, 0x00, 0x00, 0x00, 0x00, 0x00, 0x00, 0x00, 0x00, 0x00, 0x00,
    0x00, 0x00, 0x00, 0x00, 0x00, 0x00, 0x00, 0x00, 0x00, 0x00, 0x00, 0x00,
    0x00, 0x00, 0x00, 0x00, 0x00, 0x00, 0x00, 0x00, 0x01, 0x00, 0x00, 0x00,
    0x00, 0x00, 0x00, 0x00, 0x00, 0x00, 0x00, 0x00, 0x00, 0x00, 0x00, 0x00,
    0x00, 0x00, 0x00, 0x00, 0x00, 0x00, 0x00, 0x00, 0x00, 0x00, 0x00, 0x00,
    0x00, 0x00, 0x00, 0x00, 0x00, 0x00, 0x00, 0x00, 0x00, 0x00, 0x00, 0x00,
    0x00, 0x00, 0x00, 0x00, 0x00, 0x00, 0x00, 0x00, 0x00, 0x00, 0x00, 0x00,
    0x00, 0x00, 0x00, 0x00, 0x00, 0x00, 0x00, 0x00, 0x00, 0x00, 0x00, 0x00,
    0x00, 0x00, 0x00, 0x00, 0x00, 0x00, 0x00, 0x00,
};

static const unsigned int krect_ps_csoSize = 548;

static const unsigned char krect_aa_vs_cso[] = {
    0x44, 0x58, 0x42, 0x43, 0xd5, 0xc9, 0x24, 0x2e, 0x29, 0xdd, 0x03, 0x01,
    0x05, 0x27, 0xf6, 0x1f, 0x07, 0xf3, 0x3c, 0x44, 0x01, 0x00, 0x00, 0x00,
    0x50, 0x04, 0x00, 0x00, 0x05, 0x00, 0x00, 0x00, 0x34, 0x00, 0x00, 0x00,
    0xd0, 0x01, 0x00, 0x00, 0x04, 0x02, 0x00, 0x00, 0x78, 0x02, 0x00, 0x00,
    0xb4, 0x03, 0x00, 0x00, 0x52, 0x44, 0x45, 0x46, 0x94, 0x01, 0x00, 0x00,
    0x01, 0x00, 0x00, 0x00, 0x6c, 0x00, 0x00, 0x00, 0x01, 0x00, 0x00, 0x00,
    0x3c, 0x00, 0x00, 0x00, 0x00, 0x05, 0xfe, 0xff, 0x00, 0x01, 0x00, 0x00,
    0x69, 0x01, 0x00, 0x00, 0x52, 0x44, 0x31, 0x31, 0x3c, 0x00, 0x00, 0x00,
    0x18, 0x00, 0x00, 0x00, 0x20, 0x00, 0x00, 0x00, 0x28, 0x00, 0x00, 0x00,
    0x24, 0x00, 0x00, 0x00, 0x0c, 0x00, 0x00, 0x00, 0x00, 0x00, 0x00, 0x00,
    0x5c, 0x00, 0x00, 0x00, 0x00, 0x00, 0x00, 0x00, 0x00, 0x00, 0x00, 0x00,
    0x00, 0x00, 0x00, 0x00, 0x00, 0x00, 0x00, 0x00, 0x00, 0x00, 0x00, 0x00,
    0x01, 0x00, 0x00, 0x00, 0x01, 0x00, 0x00, 0x00, 0x52, 0x65, 0x63, 0x74,
    0x55, 0x6e, 0x69, 0x66, 0x6f, 0x72, 0x6d, 0x73, 0x00, 0xab, 0xab, 0xab,
    0x5c, 0x00, 0x00, 0x00, 0x03, 0x00, 0x00, 0x00, 0x84, 0x00, 0x00, 0x00,
    0x20, 0x00, 0x00, 0x00, 0x00, 0x00, 0x00, 0x00, 0x00, 0x00, 0x00, 0x00,
    0xfc, 0x00, 0x00, 0x00, 0x00, 0x00, 0x00, 0x00, 0x10, 0x00, 0x00, 0x00,
    0x02, 0x00, 0x00, 0x00, 0x0c, 0x01, 0x00, 0x00, 0x00, 0x00, 0x00, 0x00,
    0xff, 0xff, 0xff, 0xff, 0x00, 0x00, 0x00, 0x00, 0xff, 0xff, 0xff, 0xff,
    0x00, 0x00, 0x00, 0x00, 0x30, 0x01, 0x00, 0x00, 0x10, 0x00, 0x00, 0x00,
    0x08, 0x00, 0x00, 0x00, 0x02, 0x00, 0x00, 0x00, 0x40, 0x01, 0x00, 0x00,
    0x00, 0x00, 0x00, 0x00, 0xff, 0xff, 0xff, 0xff, 0x00, 0x00, 0x00, 0x00,
    0xff, 0xff, 0xff, 0xff, 0x00, 0x00, 0x00, 0x00, 0x64, 0x01, 0x00, 0x00,
    0x18, 0x00, 0x00, 0x00, 0x08, 0x00, 0x00, 0x00, 0x00, 0x00, 0x00, 0x00,
    0x40, 0x01, 0x00, 0x00, 0x00, 0x00, 0x00, 0x00, 0xff, 0xff, 0xff, 0xff,
    0x00, 0x00, 0x00, 0x00, 0xff, 0xff, 0xff, 0xff, 0x00, 0x00, 0x00, 0x00,
    0x63, 0x6f, 0x6c, 0x6f, 0x72, 0x00, 0x66, 0x6c, 0x6f, 0x61, 0x74, 0x34,
    0x00, 0xab, 0xab, 0xab, 0x01, 0x00, 0x03, 0x00, 0x01, 0x00, 0x04, 0x00,
    0x00, 0x00, 0x00, 0x00, 0x00, 0x00, 0x00, 0x00, 0x00, 0x00, 0x00, 0x00,
    0x00, 0x00, 0x00, 0x00, 0x00, 0x00, 0x00, 0x00, 0x00, 0x00, 0x00, 0x00,
    0x02, 0x01, 0x00, 0x00, 0x76, 0x69, 0x65, 0x77, 0x70, 0x6f, 0x72, 0x74,
    0x00, 0x66, 0x6c, 0x6f, 0x61, 0x74, 0x32, 0x00, 0x01, 0x00, 0x03, 0x00,
    0x01, 0x00, 0x02, 0x00, 0x00, 0x00, 0x00, 0x00, 0x00, 0x00, 0x00, 0x00,
    0x00, 0x00, 0x00, 0x00, 0x00, 0x00, 0x00, 0x00, 0x00, 0x00, 0x00, 0x00,
    0x00, 0x00, 0x00, 0x00, 0x39, 0x01, 0x00, 0x00, 0x5f, 0x70, 0x61, 0x64,
    0x00, 0x4d, 0x69, 0x63, 0x72, 0x6f, 0x73, 0x6f, 0x66, 0x74, 0x20, 0x28,
    0x52, 0x29, 0x20, 0x48, 0x4c, 0x53, 0x4c, 0x20, 0x53, 0x68, 0x61, 0x64,
    0x65, 0x72, 0x20, 0x43, 0x6f, 0x6d, 0x70, 0x69, 0x6c, 0x65, 0x72, 0x20,
    0x31, 0x30, 0x2e, 0x31, 0x00, 0xab, 0xab, 0xab, 0x49, 0x53, 0x47, 0x4e,
    0x2c, 0x00, 0x00, 0x00, 0x01, 0x00, 0x00, 0x00, 0x08, 0x00, 0x00, 0x00,
    0x20, 0x00, 0x00, 0x00, 0x00, 0x00, 0x00, 0x00, 0x00, 0x00, 0x00, 0x00,
    0x03, 0x00, 0x00, 0x00, 0x00, 0x00, 0x00, 0x00, 0x0f, 0x0f, 0x00, 0x00,
    0x54, 0x45, 0x58, 0x43, 0x4f, 0x4f, 0x52, 0x44, 0x00, 0xab, 0xab, 0xab,
    0x4f, 0x53, 0x47, 0x4e, 0x6c, 0x00, 0x00, 0x00, 0x03, 0x00, 0x00, 0x00,
    0x08, 0x00, 0x00, 0x00, 0x50, 0x00, 0x00, 0x00, 0x00, 0x00, 0x00, 0x00,
    0x01, 0x00, 0x00, 0x00, 0x03, 0x00, 0x00, 0x00, 0x00, 0x00, 0x00, 0x00,
    0x0f, 0x00, 0x00, 0x00, 0x5c, 0x00, 0x00, 0x00, 0x00, 0x00, 0x00, 0x00,
    0x00, 0x00, 0x00, 0x00, 0x03, 0x00, 0x00, 0x00, 0x01, 0x00, 0x00, 0x00,
    0x0f, 0x00, 0x00, 0x00, 0x62, 0x00, 0x00, 0x00, 0x01, 0x00, 0x00, 0x00,
    0x00, 0x00, 0x00, 0x00, 0x03, 0x00, 0x00, 0x00, 0x02, 0x00, 0x00, 0x00,
    0x01, 0x0e, 0x00, 0x00, 0x53, 0x56, 0x5f, 0x50, 0x4f, 0x53, 0x49, 0x54,
    0x49, 0x4f, 0x4e, 0x00, 0x43, 0x4f, 0x4c, 0x4f, 0x52, 0x00, 0x54, 0x45,
    0x58, 0x43, 0x4f, 0x4f, 0x52, 0x44, 0x00, 0xab, 0x53, 0x48, 0x45, 0x58,
    0x34, 0x01, 0x00, 0x00, 0x50, 0x00, 0x01, 0x00, 0x4d, 0x00, 0x00, 0x00,
    0x6a, 0x08, 0x00, 0x01, 0x59, 0x00, 0x00, 0x04, 0x46, 0x8e, 0x20, 0x00,
    0x00, 0x00, 0x00, 0x00, 0x02, 0x00, 0x00, 0x00, 0x5f, 0x00, 0x00, 0x03,
    0xf2, 0x10, 0x10, 0x00, 0x00, 0x00, 0x00, 0x00, 0x67, 0x00, 0x00, 0x04,
    0xf2, 0x20, 0x10, 0x00, 0x00, 0x00, 0x00, 0x00, 0x01, 0x00, 0x00, 0x00,
    0x65, 0x00, 0x00, 0x03, 0xf2, 0x20, 0x10, 0x00, 0x01, 0x00, 0x00, 0x00,
    0x65, 0x00, 0x00, 0x03, 0x12, 0x20, 0x10, 0x00, 0x02, 0x00, 0x00, 0x00,
    0x68, 0x00, 0x00, 0x02, 0x01, 0x00, 0x00, 0x00, 0x00, 0x00, 0x00, 0x07,
    0x32, 0x00, 0x10, 0x00, 0x00, 0x00, 0x00, 0x00, 0x46, 0x10, 0x10, 0x00,
    0x00, 0x00, 0x00, 0x00, 0x46, 0x10, 0x10, 0x00, 0x00, 0x00, 0x00, 0x00,
    0x0e, 0x00, 0x00, 0x08, 0x32, 0x00, 0x10, 0x00, 0x00, 0x00, 0x00, 0x00,
    0x46, 0x00, 0x10, 0x00, 0x00, 0x00, 0x00, 0x00, 0x46, 0x80, 0x20, 0x00,
    0x00, 0x00, 0x00, 0x00, 0x01, 0x00, 0x00, 0x00, 0x00, 0x00, 0x00, 0x08,
    0x32, 0x00, 0x10, 0x00, 0x00, 0x00, 0x00, 0x00, 0x46, 0x00, 0x10, 0x00,
    0x00, 0x00, 0x00, 0x00, 0xa6, 0x1a, 0x10, 0x80, 0x41, 0x00, 0x00, 0x00,
    0x00, 0x00, 0x00, 0x00, 0x38, 0x00, 0x00, 0x0a, 0x32, 0x20, 0x10, 0x00,
    0x00, 0x00, 0x00, 0x00, 0x46, 0x00, 0x10, 0x00, 0x00, 0x00, 0x00, 0x00,
    0x02, 0x40, 0x00, 0x00, 0x00, 0x00, 0x80, 0x3f, 0x00, 0x00, 0x80, 0xbf,
    0x00, 0x00, 0x00, 0x00, 0x00, 0x00, 0x00, 0x00, 0x36, 0x00, 0x00, 0x05,
    0x42, 0x20, 0x10, 0x00, 0x00, 0x00, 0x00, 0x00, 0x01, 0x40, 0x00, 0x00,
    0x00, 0x00, 0x00, 0x00, 0x36, 0x00, 0x00, 0x05, 0x82, 0x20, 0x10, 0x00,
    0x00, 0x00, 0x00, 0x00, 0x2a, 0x10, 0x10, 0x00, 0x00, 0x00, 0x00, 0x00,
    0x36, 0x00, 0x00, 0x06, 0xf2, 0x20, 0x10, 0x00, 0x01, 0x00, 0x00, 0x00,
    0x46, 0x8e, 0x20, 0x00, 0x00, 0x00, 0x00, 0x00, 0x00, 0x00, 0x00, 0x00,
    0x36, 0x00, 0x00, 0x05, 0x12, 0x20, 0x10, 0x00, 0x02, 0x00, 0x00, 0x00,
    0x3a, 0x10, 0x10, 0x00, 0x00, 0x00, 0x00, 0x00, 0x3e, 0x00, 0x00, 0x01,
    0x53, 0x54, 0x41, 0x54, 0x94, 0x00, 0x00, 0x00, 0x09, 0x00, 0x00, 0x00,
    0x01, 0x00, 0x00, 0x00, 0x00, 0x00, 0x00, 0x00, 0x04, 0x00, 0x00, 0x00,
    0x04, 0x00, 0x00, 0x00, 0x00, 0x00, 0x00, 0x00, 0x00, 0x00, 0x00, 0x00,
    0x01, 0x00, 0x00, 0x00, 0x00, 0x00, 0x00, 0x00, 0x00, 0x00, 0x00, 0x00,
    0x00, 0x00, 0x00, 0x00, 0x00, 0x00, 0x00, 0x00, 0x00, 0x00, 0x00, 0x00,
    0x00, 0x00, 0x00, 0x00, 0x00, 0x00, 0x00, 0x00, 0x00, 0x00, 0x00, 0x00,
    0x00, 0x00, 0x00, 0x00, 0x00, 0x00, 0x00, 0x00, 0x00, 0x00, 0x00, 0x00,
    0x04, 0x00, 0x00, 0x00, 0x00, 0x00, 0x00, 0x00, 0x00, 0x00, 0x00, 0x00,
    0x00, 0x00, 0x00, 0x00, 0x00, 0x00, 0x00, 0x00, 0x00, 0x00, 0x00, 0x00,
    0x00, 0x00, 0x00, 0x00, 0x00, 0x00, 0x00, 0x00, 0x00, 0x00, 0x00, 0x00,
    0x00, 0x00, 0x00, 0x00, 0x00, 0x00, 0x00, 0x00, 0x00, 0x00, 0x00, 0x00,
    0x00, 0x00, 0x00, 0x00, 0x00, 0x00, 0x00, 0x00, 0x00, 0x00, 0x00, 0x00,
    0x00, 0x00, 0x00, 0x00, 0x00, 0x00, 0x00, 0x00, 0x00, 0x00, 0x00, 0x00,
};

static const unsigned int krect_aa_vs_csoSize = 1104;

static const unsigned char krect_aa_ps_cso[] = {
    0x44, 0x58, 0x42, 0x43, 0xdc, 0x84, 0x56, 0xe3, 0x1c, 0xe8, 0x54, 0xab,
    0x03, 0x85, 0x5d, 0x41, 0x44, 0xdc, 0x8b, 0xcd, 0x01, 0x00, 0x00, 0x00,
    0x74, 0x02, 0x00, 0x00, 0x05, 0x00, 0x00, 0x00, 0x34, 0x00, 0x00, 0x00,
    0xa0, 0x00, 0x00, 0x00, 0x14, 0x01, 0x00, 0x00, 0x48, 0x01, 0x00, 0x00,
    0xd8, 0x01, 0x00, 0x00, 0x52, 0x44, 0x45, 0x46, 0x64, 0x00, 0x00, 0x00,
    0x00, 0x00, 0x00, 0x00, 0x00, 0x00, 0x00, 0x00, 0x00, 0x00, 0x00, 0x00,
    0x3c, 0x00, 0x00, 0x00, 0x00, 0x05, 0xff, 0xff, 0x00, 0x01, 0x00, 0x00,
    0x3c, 0x00, 0x00, 0x00, 0x52, 0x44, 0x31, 0x31, 0x3c, 0x00, 0x00, 0x00,
    0x18, 0x00, 0x00, 0x00, 0x20, 0x00, 0x00, 0x00, 0x28, 0x00, 0x00, 0x00,
    0x24, 0x00, 0x00, 0x00, 0x0c, 0x00, 0x00, 0x00, 0x00, 0x00, 0x00, 0x00,
    0x4d, 0x69, 0x63, 0x72, 0x6f, 0x73, 0x6f, 0x66, 0x74, 0x20, 0x28, 0x52,
    0x29, 0x20, 0x48, 0x4c, 0x53, 0x4c, 0x20, 0x53, 0x68, 0x61, 0x64, 0x65,
    0x72, 0x20, 0x43, 0x6f, 0x6d, 0x70, 0x69, 0x6c, 0x65, 0x72, 0x20, 0x31,
    0x30, 0x2e, 0x31, 0x00, 0x49, 0x53, 0x47, 0x4e, 0x6c, 0x00, 0x00, 0x00,
    0x03, 0x00, 0x00, 0x00, 0x08, 0x00, 0x00, 0x00, 0x50, 0x00, 0x00, 0x00,
    0x00, 0x00, 0x00, 0x00, 0x01, 0x00, 0x00, 0x00, 0x03, 0x00, 0x00, 0x00,
    0x00, 0x00, 0x00, 0x00, 0x0f, 0x00, 0x00, 0x00, 0x5c, 0x00, 0x00, 0x00,
    0x00, 0x00, 0x00, 0x00, 0x00, 0x00, 0x00, 0x00, 0x03, 0x00, 0x00, 0x00,
    0x01, 0x00, 0x00, 0x00, 0x0f, 0x0f, 0x00, 0x00, 0x62, 0x00, 0x00, 0x00,
    0x01, 0x00, 0x00, 0x00, 0x00, 0x00, 0x00, 0x00, 0x03, 0x00, 0x00, 0x00,
    0x02, 0x00, 0x00, 0x00, 0x01, 0x01, 0x00, 0x00, 0x53, 0x56, 0x5f, 0x50,
    0x4f, 0x53, 0x49, 0x54, 0x49, 0x4f, 0x4e, 0x00, 0x43, 0x4f, 0x4c, 0x4f,
    0x52, 0x00, 0x54, 0x45, 0x58, 0x43, 0x4f, 0x4f, 0x52, 0x44, 0x00, 0xab,
    0x4f, 0x53, 0x47, 0x4e, 0x2c, 0x00, 0x00, 0x00, 0x01, 0x00, 0x00, 0x00,
    0x08, 0x00, 0x00, 0x00, 0x20, 0x00, 0x00, 0x00, 0x00, 0x00, 0x00, 0x00,
    0x00, 0x00, 0x00, 0x00, 0x03, 0x00, 0x00, 0x00, 0x00, 0x00, 0x00, 0x00,
    0x0f, 0x00, 0x00, 0x00, 0x53, 0x56, 0x5f, 0x54, 0x41, 0x52, 0x47, 0x45,
    0x54, 0x00, 0xab, 0xab, 0x53, 0x48, 0x45, 0x58, 0x88, 0x00, 0x00, 0x00,
    0x50, 0x00, 0x00, 0x00, 0x22, 0x00, 0x00, 0x00, 0x6a, 0x08, 0x00, 0x01,
    0x62, 0x10, 0x00, 0x03, 0xf2, 0x10, 0x10, 0x00, 0x01, 0x00, 0x00, 0x00,
    0x62, 0x10, 0x00, 0x03, 0x12, 0x10, 0x10, 0x00, 0x02, 0x00, 0x00, 0x00,
    0x65, 0x00, 0x00, 0x03, 0xf2, 0x20, 0x10, 0x00, 0x00, 0x00, 0x00, 0x00,
    0x68, 0x00, 0x00, 0x02, 0x01, 0x00, 0x00, 0x00, 0x38, 0x00, 0x00, 0x07,
    0x12, 0x00, 0x10, 0x00, 0x00, 0x00, 0x00, 0x00, 0x3a, 0x10, 0x10, 0x00,
    0x01, 0x00, 0x00, 0x00, 0x0a, 0x10, 0x10, 0x00, 0x02, 0x00, 0x00, 0x00,
    0x38, 0x00, 0x00, 0x07, 0x72, 0x20, 0x10, 0x00, 0x00, 0x00, 0x00, 0x00,
    0x06, 0x00, 0x10, 0x00, 0x00, 0x00, 0x00, 0x00, 0x46, 0x12, 0x10, 0x00,
    0x01, 0x00, 0x00, 0x00, 0x36, 0x00, 0x00, 0x05, 0x82, 0x20, 0x10, 0x00,
    0x00, 0x00, 0x00, 0x00, 0x0a, 0x00, 0x10, 0x00, 0x00, 0x00, 0x00, 0x00,
    0x3e, 0x00, 0x00, 0x01, 0x53, 0x54, 0x41, 0x54, 0x94, 0x00, 0x00, 0x00,
    0x04, 0x00, 0x00, 0x00, 0x01, 0x00, 0x00, 0x00, 0x00, 0x00, 0x00, 0x00,
    0x03, 0x00, 0x00, 0x00, 0x02, 0x00, 0x00, 0x00, 0x00, 0x00, 0x00, 0x00,
    0x00, 0x00, 0x00, 0x00, 0x01, 0x00, 0x00, 0x00, 0x00, 0x00, 0x00, 0x00,
    0x00, 0x00, 0x00, 0x00, 0x00, 0x00, 0x00, 0x00, 0x00, 0x00, 0x00, 0x00,
    0x00, 0x00, 0x00, 0x00, 0x00, 0x00, 0x00, 0x00, 0x00, 0x00, 0x00, 0x00,
    0x00, 0x00, 0x00, 0x00, 0x00, 0x00, 0x00, 0x00, 0x00, 0x00, 0x00, 0x00,
    0x00, 0x00, 0x00, 0x00, 0x01, 0x00, 0x00, 0x00, 0x00, 0x00, 0x00, 0x00,
    0x00, 0x00, 0x00, 0x00, 0x00, 0x00, 0x00, 0x00, 0x00, 0x00, 0x00, 0x00,
    0x00, 0x00, 0x00, 0x00, 0x00, 0x00, 0x00, 0x00, 0x00, 0x00, 0x00, 0x00,
    0x00, 0x00, 0x00, 0x00, 0x00, 0x00, 0x00, 0x00, 0x00, 0x00, 0x00, 0x00,
    0x00, 0x00, 0x00, 0x00, 0x00, 0x00, 0x00, 0x00, 0x00, 0x00, 0x00, 0x00,
    0x00, 0x00, 0x00, 0x00, 0x00, 0x00, 0x00, 0x00, 0x00, 0x00, 0x00, 0x00,
    0x00, 0x00, 0x00, 0x00,
};

static const unsigned int krect_aa_ps_csoSize = 628;

static const unsigned char kvertices_vs_cso[] = {
    0x44, 0x58, 0x42, 0x43, 0xfe, 0x47, 0x40, 0x61, 0xc1, 0x19, 0x0a, 0xf1,
    0x83, 0xdd, 0x6b, 0x62, 0xd1, 0xf7, 0x7e, 0x4f, 0x01, 0x00, 0x00, 0x00,
    0x34, 0x04, 0x00, 0x00, 0x05, 0x00, 0x00, 0x00, 0x34, 0x00, 0x00, 0x00,
    0xd4, 0x01, 0x00, 0x00, 0x20, 0x02, 0x00, 0x00, 0x74, 0x02, 0x00, 0x00,
    0x98, 0x03, 0x00, 0x00, 0x52, 0x44, 0x45, 0x46, 0x98, 0x01, 0x00, 0x00,
    0x01, 0x00, 0x00, 0x00, 0x6c, 0x00, 0x00, 0x00, 0x01, 0x00, 0x00, 0x00,
    0x3c, 0x00, 0x00, 0x00, 0x00, 0x05, 0xfe, 0xff, 0x00, 0x01, 0x00, 0x00,
    0x6d, 0x01, 0x00, 0x00, 0x52, 0x44, 0x31, 0x31, 0x3c, 0x00, 0x00, 0x00,
    0x18, 0x00, 0x00, 0x00, 0x20, 0x00, 0x00, 0x00, 0x28, 0x00, 0x00, 0x00,
    0x24, 0x00, 0x00, 0x00, 0x0c, 0x00, 0x00, 0x00, 0x00, 0x00, 0x00, 0x00,
    0x5c, 0x00, 0x00, 0x00, 0x00, 0x00, 0x00, 0x00, 0x00, 0x00, 0x00, 0x00,
    0x00, 0x00, 0x00, 0x00, 0x00, 0x00, 0x00, 0x00, 0x00, 0x00, 0x00, 0x00,
    0x01, 0x00, 0x00, 0x00, 0x01, 0x00, 0x00, 0x00, 0x52, 0x65, 0x63, 0x74,
    0x55, 0x6e, 0x69, 0x66, 0x6f, 0x72, 0x6d, 0x73, 0x00, 0xab, 0xab, 0xab,
    0x5c, 0x00, 0x00, 0x00, 0x03, 0x00, 0x00, 0x00, 0x84, 0x00, 0x00, 0x00,
    0x20, 0x00, 0x00, 0x00, 0x00, 0x00, 0x00, 0x00, 0x00, 0x00, 0x00, 0x00,
    0xfc, 0x00, 0x00, 0x00, 0x00, 0x00, 0x00, 0x00, 0x10, 0x00, 0x00, 0x00,
    0x00, 0x00, 0x00, 0x00, 0x10, 0x01, 0x00, 0x00, 0x00, 0x00, 0x00, 0x00,
    0xff, 0xff, 0xff, 0xff, 0x00, 0x00, 0x00, 0x00, 0xff, 0xff, 0xff, 0xff,
    0x00, 0x00, 0x00, 0x00, 0x34, 0x01, 0x00, 0x00, 0x10, 0x00, 0x00, 0x00,
    0x08, 0x00, 0x00, 0x00, 0x02, 0x00, 0x00, 0x00, 0x44, 0x01, 0x00, 0x00,
    0x00, 0x00, 0x00, 0x00, 0xff, 0xff, 0xff, 0xff, 0x00, 0x00, 0x00, 0x00,
    0xff, 0xff, 0xff, 0xff, 0x00, 0x00, 0x00, 0x00, 0x68, 0x01, 0x00, 0x00,
    0x18, 0x00, 0x00, 0x00, 0x08, 0x00, 0x00, 0x00, 0x00, 0x00, 0x00, 0x00,
    0x44, 0x01, 0x00, 0x00, 0x00, 0x00, 0x00, 0x00, 0xff, 0xff, 0xff, 0xff,
    0x00, 0x00, 0x00, 0x00, 0xff, 0xff, 0xff, 0xff, 0x00, 0x00, 0x00, 0x00,
    0x63, 0x6f, 0x6c, 0x6f, 0x72, 0x5f, 0x55, 0x4e, 0x55, 0x53, 0x45, 0x44,
    0x00, 0x66, 0x6c, 0x6f, 0x61, 0x74, 0x34, 0x00, 0x01, 0x00, 0x03, 0x00,
    0x01, 0x00, 0x04, 0x00, 0x00, 0x00, 0x00, 0x00, 0x00, 0x00, 0x00, 0x00,
    0x00, 0x00, 0x00, 0x00, 0x00, 0x00, 0x00, 0x00, 0x00, 0x00, 0x00, 0x00,
    0x00, 0x00, 0x00, 0x00, 0x09, 0x01, 0x00, 0x00, 0x76, 0x69, 0x65, 0x77,
    0x70, 0x6f, 0x72, 0x74, 0x00, 0x66, 0x6c, 0x6f, 0x61, 0x74, 0x32, 0x00,
    0x01, 0x00, 0x03, 0x00, 0x01, 0x00, 0x02, 0x00, 0x00, 0x00, 0x00, 0x00,
    0x00, 0x00, 0x00, 0x00, 0x00, 0x00, 0x00, 0x00, 0x00, 0x00, 0x00, 0x00,
    0x00, 0x00, 0x00, 0x00, 0x00, 0x00, 0x00, 0x00, 0x3d, 0x01, 0x00, 0x00,
    0x5f, 0x70, 0x61, 0x64, 0x00, 0x4d, 0x69, 0x63, 0x72, 0x6f, 0x73, 0x6f,
    0x66, 0x74, 0x20, 0x28, 0x52, 0x29, 0x20, 0x48, 0x4c, 0x53, 0x4c, 0x20,
    0x53, 0x68, 0x61, 0x64, 0x65, 0x72, 0x20, 0x43, 0x6f, 0x6d, 0x70, 0x69,
    0x6c, 0x65, 0x72, 0x20, 0x31, 0x30, 0x2e, 0x31, 0x00, 0xab, 0xab, 0xab,
    0x49, 0x53, 0x47, 0x4e, 0x44, 0x00, 0x00, 0x00, 0x02, 0x00, 0x00, 0x00,
    0x08, 0x00, 0x00, 0x00, 0x38, 0x00, 0x00, 0x00, 0x00, 0x00, 0x00, 0x00,
    0x00, 0x00, 0x00, 0x00, 0x03, 0x00, 0x00, 0x00, 0x00, 0x00, 0x00, 0x00,
    0x07, 0x07, 0x00, 0x00, 0x38, 0x00, 0x00, 0x00, 0x01, 0x00, 0x00, 0x00,
    0x00, 0x00, 0x00, 0x00, 0x03, 0x00, 0x00, 0x00, 0x01, 0x00, 0x00, 0x00,
    0x0f, 0x0f, 0x00, 0x00, 0x54, 0x45, 0x58, 0x43, 0x4f, 0x4f, 0x52, 0x44,
    0x00, 0xab, 0xab, 0xab, 0x4f, 0x53, 0x47, 0x4e, 0x4c, 0x00, 0x00, 0x00,
    0x02, 0x00, 0x00, 0x00, 0x08, 0x00, 0x00, 0x00, 0x38, 0x00, 0x00, 0x00,
    0x00, 0x00, 0x00, 0x00, 0x01, 0x00, 0x00, 0x00, 0x03, 0x00, 0x00, 0x00,
    0x00, 0x00, 0x00, 0x00, 0x0f, 0x00, 0x00, 0x00, 0x44, 0x00, 0x00, 0x00,
    0x00, 0x00, 0x00, 0x00, 0x00, 0x00, 0x00, 0x00, 0x03, 0x00, 0x00, 0x00,
    0x01, 0x00, 0x00, 0x00, 0x0f, 0x00, 0x00, 0x00, 0x53, 0x56, 0x5f, 0x50,
    0x4f, 0x53, 0x49, 0x54, 0x49, 0x4f, 0x4e, 0x00, 0x43, 0x4f, 0x4c, 0x4f,
    0x52, 0x00, 0xab, 0xab, 0x53, 0x48, 0x45, 0x58, 0x1c, 0x01, 0x00, 0x00,
    0x50, 0x00, 0x01, 0x00, 0x47, 0x00, 0x00, 0x00, 0x6a, 0x08, 0x00, 0x01,
    0x59, 0x00, 0x00, 0x04, 0x46, 0x8e, 0x20, 0x00, 0x00, 0x00, 0x00, 0x00,
    0x02, 0x00, 0x00, 0x00, 0x5f, 0x00, 0x00, 0x03, 0x72, 0x10, 0x10, 0x00,
    0x00, 0x00, 0x00, 0x00, 0x5f, 0x00, 0x00, 0x03, 0xf2, 0x10, 0x10, 0x00,
    0x01, 0x00, 0x00, 0x00, 0x67, 0x00, 0x00, 0x04, 0xf2, 0x20, 0x10, 0x00,
    0x00, 0x00, 0x00, 0x00, 0x01, 0x00, 0x00, 0x00, 0x65, 0x00, 0x00, 0x03,
    0xf2, 0x20, 0x10, 0x00, 0x01, 0x00, 0x00, 0x00, 0x68, 0x00, 0x00, 0x02,
    0x01, 0x00, 0x00, 0x00, 0x00, 0x00, 0x00, 0x07, 0x32, 0x00, 0x10, 0x00,
    0x00, 0x00, 0x00, 0x00, 0x46, 0x10, 0x10, 0x00, 0x00, 0x00, 0x00, 0x00,
    0x46, 0x10, 0x10, 0x00, 0x00, 0x00, 0x00, 0x00, 0x0e, 0x00, 0x00, 0x08,
    0x32, 0x00, 0x10, 0x00, 0x00, 0x00, 0x00, 0x00, 0x46, 0x00, 0x10, 0x00,
    0x00, 0x00, 0x00, 0x00, 0x46, 0x80, 0x20, 0x00, 0x00, 0x00, 0x00, 0x00,
    0x01, 0x00, 0x00, 0x00, 0x00, 0x00, 0x00, 0x08, 0x32, 0x00, 0x10, 0x00,
    0x00, 0x00, 0x00, 0x00, 0x46, 0x00, 0x10, 0x00, 0x00, 0x00, 0x00, 0x00,
    0xa6, 0x1a, 0x10, 0x80, 0x41, 0x00, 0x00, 0x00, 0x00, 0x00, 0x00, 0x00,
    0x38, 0x00, 0x00, 0x0a, 0x32, 0x20, 0x10, 0x00, 0x00, 0x00, 0x00, 0x00,
    0x46, 0x00, 0x10, 0x00, 0x00, 0x00, 0x00, 0x00, 0x02, 0x40, 0x00, 0x00,
    0x00, 0x00, 0x80, 0x3f, 0x00, 0x00, 0x80, 0xbf, 0x00, 0x00, 0x00, 0x00,
    0x00, 0x00, 0x00, 0x00, 0x36, 0x00, 0x00, 0x05, 0x42, 0x20, 0x10, 0x00,
    0x00, 0x00, 0x00, 0x00, 0x01, 0x40, 0x00, 0x00, 0x00, 0x00, 0x00, 0x00,
    0x36, 0x00, 0x00, 0x05, 0x82, 0x20, 0x10, 0x00, 0x00, 0x00, 0x00, 0x00,
    0x2a, 0x10, 0x10, 0x00, 0x00, 0x00, 0x00, 0x00, 0x36, 0x00, 0x00, 0x05,
    0xf2, 0x20, 0x10, 0x00, 0x01, 0x00, 0x00, 0x00, 0x46, 0x1e, 0x10, 0x00,
    0x01, 0x00, 0x00, 0x00, 0x3e, 0x00, 0x00, 0x01, 0x53, 0x54, 0x41, 0x54,
    0x94, 0x00, 0x00, 0x00, 0x08, 0x00, 0x00, 0x00, 0x01, 0x00, 0x00, 0x00,
    0x00, 0x00, 0x00, 0x00, 0x04, 0x00, 0x00, 0x00, 0x04, 0x00, 0x00, 0x00,
    0x00, 0x00, 0x00, 0x00, 0x00, 0x00, 0x00, 0x00, 0x01, 0x00, 0x00, 0x00,
    0x00, 0x00, 0x00, 0x00, 0x00, 0x00, 0x00, 0x00, 0x00, 0x00, 0x00, 0x00,
    0x00, 0x00, 0x00, 0x00, 0x00, 0x00, 0x00, 0x00, 0x00, 0x00, 0x00, 0x00,
    0x00, 0x00, 0x00, 0x00, 0x00, 0x00, 0x00, 0x00, 0x00, 0x00, 0x00, 0x00,
    0x00, 0x00, 0x00, 0x00, 0x00, 0x00, 0x00, 0x00, 0x03, 0x00, 0x00, 0x00,
    0x00, 0x00, 0x00, 0x00, 0x00, 0x00, 0x00, 0x00, 0x00, 0x00, 0x00, 0x00,
    0x00, 0x00, 0x00, 0x00, 0x00, 0x00, 0x00, 0x00, 0x00, 0x00, 0x00, 0x00,
    0x00, 0x00, 0x00, 0x00, 0x00, 0x00, 0x00, 0x00, 0x00, 0x00, 0x00, 0x00,
    0x00, 0x00, 0x00, 0x00, 0x00, 0x00, 0x00, 0x00, 0x00, 0x00, 0x00, 0x00,
    0x00, 0x00, 0x00, 0x00, 0x00, 0x00, 0x00, 0x00, 0x00, 0x00, 0x00, 0x00,
    0x00, 0x00, 0x00, 0x00, 0x00, 0x00, 0x00, 0x00,
};

static const unsigned int kvertices_vs_csoSize = 1076;

static const unsigned char kvertices_ps_cso[] = {
    0x44, 0x58, 0x42, 0x43, 0x1f, 0x93, 0xbd, 0x79, 0xd2, 0xe3, 0x2c, 0xb5,
    0x6f, 0x06, 0x7a, 0xee, 0x13, 0xe3, 0xed, 0x37, 0x01, 0x00, 0x00, 0x00,
    0x24, 0x02, 0x00, 0x00, 0x05, 0x00, 0x00, 0x00, 0x34, 0x00, 0x00, 0x00,
    0xa0, 0x00, 0x00, 0x00, 0xf4, 0x00, 0x00, 0x00, 0x28, 0x01, 0x00, 0x00,
    0x88, 0x01, 0x00, 0x00, 0x52, 0x44, 0x45, 0x46, 0x64, 0x00, 0x00, 0x00,
    0x00, 0x00, 0x00, 0x00, 0x00, 0x00, 0x00, 0x00, 0x00, 0x00, 0x00, 0x00,
    0x3c, 0x00, 0x00, 0x00, 0x00, 0x05, 0xff, 0xff, 0x00, 0x01, 0x00, 0x00,
    0x3c, 0x00, 0x00, 0x00, 0x52, 0x44, 0x31, 0x31, 0x3c, 0x00, 0x00, 0x00,
    0x18, 0x00, 0x00, 0x00, 0x20, 0x00, 0x00, 0x00, 0x28, 0x00, 0x00, 0x00,
    0x24, 0x00, 0x00, 0x00, 0x0c, 0x00, 0x00, 0x00, 0x00, 0x00, 0x00, 0x00,
    0x4d, 0x69, 0x63, 0x72, 0x6f, 0x73, 0x6f, 0x66, 0x74, 0x20, 0x28, 0x52,
    0x29, 0x20, 0x48, 0x4c, 0x53, 0x4c, 0x20, 0x53, 0x68, 0x61, 0x64, 0x65,
    0x72, 0x20, 0x43, 0x6f, 0x6d, 0x70, 0x69, 0x6c, 0x65, 0x72, 0x20, 0x31,
    0x30, 0x2e, 0x31, 0x00, 0x49, 0x53, 0x47, 0x4e, 0x4c, 0x00, 0x00, 0x00,
    0x02, 0x00, 0x00, 0x00, 0x08, 0x00, 0x00, 0x00, 0x38, 0x00, 0x00, 0x00,
    0x00, 0x00, 0x00, 0x00, 0x01, 0x00, 0x00, 0x00, 0x03, 0x00, 0x00, 0x00,
    0x00, 0x00, 0x00, 0x00, 0x0f, 0x00, 0x00, 0x00, 0x44, 0x00, 0x00, 0x00,
    0x00, 0x00, 0x00, 0x00, 0x00, 0x00, 0x00, 0x00, 0x03, 0x00, 0x00, 0x00,
    0x01, 0x00, 0x00, 0x00, 0x0f, 0x0f, 0x00, 0x00, 0x53, 0x56, 0x5f, 0x50,
    0x4f, 0x53, 0x49, 0x54, 0x49, 0x4f, 0x4e, 0x00, 0x43, 0x4f, 0x4c, 0x4f,
    0x52, 0x00, 0xab, 0xab, 0x4f, 0x53, 0x47, 0x4e, 0x2c, 0x00, 0x00, 0x00,
    0x01, 0x00, 0x00, 0x00, 0x08, 0x00, 0x00, 0x00, 0x20, 0x00, 0x00, 0x00,
    0x00, 0x00, 0x00, 0x00, 0x00, 0x00, 0x00, 0x00, 0x03, 0x00, 0x00, 0x00,
    0x00, 0x00, 0x00, 0x00, 0x0f, 0x00, 0x00, 0x00, 0x53, 0x56, 0x5f, 0x54,
    0x41, 0x52, 0x47, 0x45, 0x54, 0x00, 0xab, 0xab, 0x53, 0x48, 0x45, 0x58,
    0x58, 0x00, 0x00, 0x00, 0x50, 0x00, 0x00, 0x00, 0x16, 0x00, 0x00, 0x00,
    0x6a, 0x08, 0x00, 0x01, 0x62, 0x10, 0x00, 0x03, 0xf2, 0x10, 0x10, 0x00,
    0x01, 0x00, 0x00, 0x00, 0x65, 0x00, 0x00, 0x03, 0xf2, 0x20, 0x10, 0x00,
    0x00, 0x00, 0x00, 0x00, 0x38, 0x00, 0x00, 0x07, 0x72, 0x20, 0x10, 0x00,
    0x00, 0x00, 0x00, 0x00, 0xf6, 0x1f, 0x10, 0x00, 0x01, 0x00, 0x00, 0x00,
    0x46, 0x12, 0x10, 0x00, 0x01, 0x00, 0x00, 0x00, 0x36, 0x00, 0x00, 0x05,
    0x82, 0x20, 0x10, 0x00, 0x00, 0x00, 0x00, 0x00, 0x3a, 0x10, 0x10, 0x00,
    0x01, 0x00, 0x00, 0x00, 0x3e, 0x00, 0x00, 0x01, 0x53, 0x54, 0x41, 0x54,
    0x94, 0x00, 0x00, 0x00, 0x03, 0x00, 0x00, 0x00, 0x00, 0x00, 0x00, 0x00,
    0x00, 0x00, 0x00, 0x00, 0x02, 0x00, 0x00, 0x00, 0x01, 0x00, 0x00, 0x00,
    0x00, 0x00, 0x00, 0x00, 0x00, 0x00, 0x00, 0x00, 0x01, 0x00, 0x00, 0x00,
    0x00, 0x00, 0x00, 0x00, 0x00, 0x00, 0x00, 0x00, 0x00, 0x00, 0x00, 0x00,
    0x00, 0x00, 0x00, 0x00, 0x00, 0x00, 0x00, 0x00, 0x00, 0x00, 0x00, 0x00,
    0x00, 0x00, 0x00, 0x00, 0x00, 0x00, 0x00, 0x00, 0x00, 0x00, 0x00, 0x00,
    0x00, 0x00, 0x00, 0x00, 0x00, 0x00, 0x00, 0x00, 0x01, 0x00, 0x00, 0x00,
    0x00, 0x00, 0x00, 0x00, 0x00, 0x00, 0x00, 0x00, 0x00, 0x00, 0x00, 0x00,
    0x00, 0x00, 0x00, 0x00, 0x00, 0x00, 0x00, 0x00, 0x00, 0x00, 0x00, 0x00,
    0x00, 0x00, 0x00, 0x00, 0x00, 0x00, 0x00, 0x00, 0x00, 0x00, 0x00, 0x00,
    0x00, 0x00, 0x00, 0x00, 0x00, 0x00, 0x00, 0x00, 0x00, 0x00, 0x00, 0x00,
    0x00, 0x00, 0x00, 0x00, 0x00, 0x00, 0x00, 0x00, 0x00, 0x00, 0x00, 0x00,
    0x00, 0x00, 0x00, 0x00, 0x00, 0x00, 0x00, 0x00,
};

static const unsigned int kvertices_ps_csoSize = 548;

static const unsigned char kquad_vs_cso[] = {
    0x44, 0x58, 0x42, 0x43, 0xd0, 0x06, 0xc1, 0x64, 0xd7, 0x73, 0xad, 0x6d,
    0x34, 0x02, 0x29, 0xd6, 0xd2, 0x34, 0x91, 0x4a, 0x01, 0x00, 0x00, 0x00,
    0x8c, 0x04, 0x00, 0x00, 0x05, 0x00, 0x00, 0x00, 0x34, 0x00, 0x00, 0x00,
    0xd8, 0x01, 0x00, 0x00, 0x24, 0x02, 0x00, 0x00, 0x94, 0x02, 0x00, 0x00,
    0xf0, 0x03, 0x00, 0x00, 0x52, 0x44, 0x45, 0x46, 0x9c, 0x01, 0x00, 0x00,
    0x01, 0x00, 0x00, 0x00, 0x74, 0x00, 0x00, 0x00, 0x01, 0x00, 0x00, 0x00,
    0x3c, 0x00, 0x00, 0x00, 0x01, 0x05, 0xfe, 0xff, 0x00, 0x05, 0x00, 0x00,
    0x71, 0x01, 0x00, 0x00, 0x13, 0x13, 0x44, 0x25, 0x3c, 0x00, 0x00, 0x00,
    0x18, 0x00, 0x00, 0x00, 0x28, 0x00, 0x00, 0x00, 0x28, 0x00, 0x00, 0x00,
    0x24, 0x00, 0x00, 0x00, 0x0c, 0x00, 0x00, 0x00, 0x00, 0x00, 0x00, 0x00,
    0x64, 0x00, 0x00, 0x00, 0x00, 0x00, 0x00, 0x00, 0x00, 0x00, 0x00, 0x00,
    0x00, 0x00, 0x00, 0x00, 0x00, 0x00, 0x00, 0x00, 0x00, 0x00, 0x00, 0x00,
    0x01, 0x00, 0x00, 0x00, 0x01, 0x00, 0x00, 0x00, 0x00, 0x00, 0x00, 0x00,
    0x00, 0x00, 0x00, 0x00, 0x51, 0x75, 0x61, 0x64, 0x55, 0x6e, 0x69, 0x66,
    0x6f, 0x72, 0x6d, 0x73, 0x00, 0xab, 0xab, 0xab, 0x64, 0x00, 0x00, 0x00,
    0x03, 0x00, 0x00, 0x00, 0x8c, 0x00, 0x00, 0x00, 0x10, 0x00, 0x00, 0x00,
    0x00, 0x00, 0x00, 0x00, 0x00, 0x00, 0x00, 0x00, 0x04, 0x01, 0x00, 0x00,
    0x00, 0x00, 0x00, 0x00, 0x08, 0x00, 0x00, 0x00, 0x02, 0x00, 0x00, 0x00,
    0x14, 0x01, 0x00, 0x00, 0x00, 0x00, 0x00, 0x00, 0xff, 0xff, 0xff, 0xff,
    0x00, 0x00, 0x00, 0x00, 0xff, 0xff, 0xff, 0xff, 0x00, 0x00, 0x00, 0x00,
    0x38, 0x01, 0x00, 0x00, 0x08, 0x00, 0x00, 0x00, 0x04, 0x00, 0x00, 0x00,
    0x02, 0x00, 0x00, 0x00, 0x48, 0x01, 0x00, 0x00, 0x00, 0x00, 0x00, 0x00,
    0xff, 0xff, 0xff, 0xff, 0x00, 0x00, 0x00, 0x00, 0xff, 0xff, 0xff, 0xff,
    0x00, 0x00, 0x00, 0x00, 0x6c, 0x01, 0x00, 0x00, 0x0c, 0x00, 0x00, 0x00,
    0x04, 0x00, 0x00, 0x00, 0x00, 0x00, 0x00, 0x00, 0x48, 0x01, 0x00, 0x00,
    0x00, 0x00, 0x00, 0x00, 0xff, 0xff, 0xff, 0xff, 0x00, 0x00, 0x00, 0x00,
    0xff, 0xff, 0xff, 0xff, 0x00, 0x00, 0x00, 0x00, 0x76, 0x69, 0x65, 0x77,
    0x70, 0x6f, 0x72, 0x74, 0x00, 0x66, 0x6c, 0x6f, 0x61, 0x74, 0x32, 0x00,
    0x01, 0x00, 0x03, 0x00, 0x01, 0x00, 0x02, 0x00, 0x00, 0x00, 0x00, 0x00,
    0x00, 0x00, 0x00, 0x00, 0x00, 0x00, 0x00, 0x00, 0x00, 0x00, 0x00, 0x00,
    0x00, 0x00, 0x00, 0x00, 0x00, 0x00, 0x00, 0x00, 0x0d, 0x01, 0x00, 0x00,
    0x6f, 0x70, 0x61, 0x63, 0x69, 0x74, 0x79, 0x00, 0x66, 0x6c, 0x6f, 0x61,
    0x74, 0x00, 0xab, 0xab, 0x00, 0x00, 0x03, 0x00, 0x01, 0x00, 0x01, 0x00,
    0x00, 0x00, 0x00, 0x00, 0x00, 0x00, 0x00, 0x00, 0x00, 0x00, 0x00, 0x00,
    0x00, 0x00, 0x00, 0x00, 0x00, 0x00, 0x00, 0x00, 0x00, 0x00, 0x00, 0x00,
    0x40, 0x01, 0x00, 0x00, 0x5f, 0x70, 0x61, 0x64, 0x00, 0x4d, 0x69, 0x63,
    0x72, 0x6f, 0x73, 0x6f, 0x66, 0x74, 0x20, 0x28, 0x52, 0x29, 0x20, 0x48,
    0x4c, 0x53, 0x4c, 0x20, 0x53, 0x68, 0x61, 0x64, 0x65, 0x72, 0x20, 0x43,
    0x6f, 0x6d, 0x70, 0x69, 0x6c, 0x65, 0x72, 0x20, 0x31, 0x30, 0x2e, 0x31,
    0x00, 0xab, 0xab, 0xab, 0x49, 0x53, 0x47, 0x4e, 0x44, 0x00, 0x00, 0x00,
    0x02, 0x00, 0x00, 0x00, 0x08, 0x00, 0x00, 0x00, 0x38, 0x00, 0x00, 0x00,
    0x00, 0x00, 0x00, 0x00, 0x00, 0x00, 0x00, 0x00, 0x03, 0x00, 0x00, 0x00,
    0x00, 0x00, 0x00, 0x00, 0x07, 0x07, 0x00, 0x00, 0x38, 0x00, 0x00, 0x00,
    0x01, 0x00, 0x00, 0x00, 0x00, 0x00, 0x00, 0x00, 0x03, 0x00, 0x00, 0x00,
    0x01, 0x00, 0x00, 0x00, 0x03, 0x03, 0x00, 0x00, 0x54, 0x45, 0x58, 0x43,
    0x4f, 0x4f, 0x52, 0x44, 0x00, 0xab, 0xab, 0xab, 0x4f, 0x53, 0x47, 0x4e,
    0x68, 0x00, 0x00, 0x00, 0x03, 0x00, 0x00, 0x00, 0x08, 0x00, 0x00, 0x00,
    0x50, 0x00, 0x00, 0x00, 0x00, 0x00, 0x00, 0x00, 0x01, 0x00, 0x00, 0x00,
    0x03, 0x00, 0x00, 0x00, 0x00, 0x00, 0x00, 0x00, 0x0f, 0x00, 0x00, 0x00,
    0x5c, 0x00, 0x00, 0x00, 0x00, 0x00, 0x00, 0x00, 0x00, 0x00, 0x00, 0x00,
    0x03, 0x00, 0x00, 0x00, 0x01, 0x00, 0x00, 0x00, 0x03, 0x0c, 0x00, 0x00,
    0x5c, 0x00, 0x00, 0x00, 0x01, 0x00, 0x00, 0x00, 0x00, 0x00, 0x00, 0x00,
    0x03, 0x00, 0x00, 0x00, 0x01, 0x00, 0x00, 0x00, 0x04, 0x0b, 0x00, 0x00,
    0x53, 0x56, 0x5f, 0x50, 0x4f, 0x53, 0x49, 0x54, 0x49, 0x4f, 0x4e, 0x00,
    0x54, 0x45, 0x58, 0x43, 0x4f, 0x4f, 0x52, 0x44, 0x00, 0xab, 0xab, 0xab,
    0x53, 0x48, 0x45, 0x58, 0x54, 0x01, 0x00, 0x00, 0x51, 0x00, 0x01, 0x00,
    0x55, 0x00, 0x00, 0x00, 0x6a, 0x08, 0x00, 0x01, 0x59, 0x00, 0x00, 0x07,
    0x46, 0x8e, 0x30, 0x00, 0x00, 0x00, 0x00, 0x00, 0x00, 0x00, 0x00, 0x00,
    0x00, 0x00, 0x00, 0x00, 0x01, 0x00, 0x00, 0x00, 0x00, 0x00, 0x00, 0x00,
    0x5f, 0x00, 0x00, 0x03, 0x72, 0x10, 0x10, 0x00, 0x00, 0x00, 0x00, 0x00,
    0x5f, 0x00, 0x00, 0x03, 0x32, 0x10, 0x10, 0x00, 0x01, 0x00, 0x00, 0x00,
    0x67, 0x00, 0x00, 0x04, 0xf2, 0x20, 0x10, 0x00, 0x00, 0x00, 0x00, 0x00,
    0x01, 0x00, 0x00, 0x00, 0x65, 0x00, 0x00, 0x03, 0x32, 0x20, 0x10, 0x00,
    0x01, 0x00, 0x00, 0x00, 0x65, 0x00, 0x00, 0x03, 0x42, 0x20, 0x10, 0x00,
    0x01, 0x00, 0x00, 0x00, 0x68, 0x00, 0x00, 0x02, 0x01, 0x00, 0x00, 0x00,
    0x00, 0x00, 0x00, 0x07, 0x32, 0x00, 0x10, 0x00, 0x00, 0x00, 0x00, 0x00,
    0x46, 0x10, 0x10, 0x00, 0x00, 0x00, 0x00, 0x00, 0x46, 0x10, 0x10, 0x00,
    0x00, 0x00, 0x00, 0x00, 0x0e, 0x00, 0x00, 0x09, 0x32, 0x00, 0x10, 0x00,
    0x00, 0x00, 0x00, 0x00, 0x46, 0x00, 0x10, 0x00, 0x00, 0x00, 0x00, 0x00,
    0x46, 0x80, 0x30, 0x00, 0x00, 0x00, 0x00, 0x00, 0x00, 0x00, 0x00, 0x00,
    0x00, 0x00, 0x00, 0x00, 0x00, 0x00, 0x00, 0x08, 0x32, 0x00, 0x10, 0x00,
    0x00, 0x00, 0x00, 0x00, 0x46, 0x00, 0x10, 0x00, 0x00, 0x00, 0x00, 0x00,
    0xa6, 0x1a, 0x10, 0x80, 0x41, 0x00, 0x00, 0x00, 0x00, 0x00, 0x00, 0x00,
    0x38, 0x00, 0x00, 0x0a, 0x32, 0x20, 0x10, 0x00, 0x00, 0x00, 0x00, 0x00,
    0x46, 0x00, 0x10, 0x00, 0x00, 0x00, 0x00, 0x00, 0x02, 0x40, 0x00, 0x00,
    0x00, 0x00, 0x80, 0x3f, 0x00, 0x00, 0x80, 0xbf, 0x00, 0x00, 0x00, 0x00,
    0x00, 0x00, 0x00, 0x00, 0x36, 0x00, 0x00, 0x05, 0x42, 0x20, 0x10, 0x00,
    0x00, 0x00, 0x00, 0x00, 0x01, 0x40, 0x00, 0x00, 0x00, 0x00, 0x00, 0x00,
    0x36, 0x00, 0x00, 0x05, 0x82, 0x20, 0x10, 0x00, 0x00, 0x00, 0x00, 0x00,
    0x2a, 0x10, 0x10, 0x00, 0x00, 0x00, 0x00, 0x00, 0x36, 0x00, 0x00, 0x05,
    0x32, 0x20, 0x10, 0x00, 0x01, 0x00, 0x00, 0x00, 0x46, 0x10, 0x10, 0x00,
    0x01, 0x00, 0x00, 0x00, 0x36, 0x00, 0x00, 0x07, 0x42, 0x20, 0x10, 0x00,
    0x01, 0x00, 0x00, 0x00, 0x2a, 0x80, 0x30, 0x00, 0x00, 0x00, 0x00, 0x00,
    0x00, 0x00, 0x00, 0x00, 0x00, 0x00, 0x00, 0x00, 0x3e, 0x00, 0x00, 0x01,
    0x53, 0x54, 0x41, 0x54, 0x94, 0x00, 0x00, 0x00, 0x09, 0x00, 0x00, 0x00,
    0x01, 0x00, 0x00, 0x00, 0x00, 0x00, 0x00, 0x00, 0x05, 0x00, 0x00, 0x00,
    0x04, 0x00, 0x00, 0x00, 0x00, 0x00, 0x00, 0x00, 0x00, 0x00, 0x00, 0x00,
    0x01, 0x00, 0x00, 0x00, 0x00, 0x00, 0x00, 0x00, 0x00, 0x00, 0x00, 0x00,
    0x00, 0x00, 0x00, 0x00, 0x00, 0x00, 0x00, 0x00, 0x00, 0x00, 0x00, 0x00,
    0x00, 0x00, 0x00, 0x00, 0x00, 0x00, 0x00, 0x00, 0x00, 0x00, 0x00, 0x00,
    0x00, 0x00, 0x00, 0x00, 0x00, 0x00, 0x00, 0x00, 0x00, 0x00, 0x00, 0x00,
    0x04, 0x00, 0x00, 0x00, 0x00, 0x00, 0x00, 0x00, 0x00, 0x00, 0x00, 0x00,
    0x00, 0x00, 0x00, 0x00, 0x00, 0x00, 0x00, 0x00, 0x00, 0x00, 0x00, 0x00,
    0x00, 0x00, 0x00, 0x00, 0x00, 0x00, 0x00, 0x00, 0x00, 0x00, 0x00, 0x00,
    0x00, 0x00, 0x00, 0x00, 0x00, 0x00, 0x00, 0x00, 0x00, 0x00, 0x00, 0x00,
    0x00, 0x00, 0x00, 0x00, 0x00, 0x00, 0x00, 0x00, 0x00, 0x00, 0x00, 0x00,
    0x00, 0x00, 0x00, 0x00, 0x00, 0x00, 0x00, 0x00, 0x00, 0x00, 0x00, 0x00,
};

static const unsigned int kquad_vs_csoSize = 1164;

static const unsigned char kquad_ps_cso[] = {
    0x44, 0x58, 0x42, 0x43, 0xdd, 0x1e, 0x17, 0xe0, 0x35, 0xc0, 0x25, 0xc5,
    0x08, 0xb0, 0xe0, 0xc2, 0xd9, 0xaa, 0xb8, 0x31, 0x01, 0x00, 0x00, 0x00,
    0xfc, 0x02, 0x00, 0x00, 0x05, 0x00, 0x00, 0x00, 0x34, 0x00, 0x00, 0x00,
    0xfc, 0x00, 0x00, 0x00, 0x6c, 0x01, 0x00, 0x00, 0xa0, 0x01, 0x00, 0x00,
    0x60, 0x02, 0x00, 0x00, 0x52, 0x44, 0x45, 0x46, 0xc0, 0x00, 0x00, 0x00,
    0x00, 0x00, 0x00, 0x00, 0x00, 0x00, 0x00, 0x00, 0x02, 0x00, 0x00, 0x00,
    0x3c, 0x00, 0x00, 0x00, 0x01, 0x05, 0xff, 0xff, 0x00, 0x05, 0x00, 0x00,
    0x96, 0x00, 0x00, 0x00, 0x13, 0x13, 0x44, 0x25, 0x3c, 0x00, 0x00, 0x00,
    0x18, 0x00, 0x00, 0x00, 0x28, 0x00, 0x00, 0x00, 0x28, 0x00, 0x00, 0x00,
    0x24, 0x00, 0x00, 0x00, 0x0c, 0x00, 0x00, 0x00, 0x00, 0x00, 0x00, 0x00,
    0x8c, 0x00, 0x00, 0x00, 0x03, 0x00, 0x00, 0x00, 0x00, 0x00, 0x00, 0x00,
    0x00, 0x00, 0x00, 0x00, 0x00, 0x00, 0x00, 0x00, 0x01, 0x00, 0x00, 0x00,
    0x01, 0x00, 0x00, 0x00, 0x00, 0x00, 0x00, 0x00, 0x01, 0x00, 0x00, 0x00,
    0x00, 0x00, 0x00, 0x00, 0x91, 0x00, 0x00, 0x00, 0x02, 0x00, 0x00, 0x00,
    0x05, 0x00, 0x00, 0x00, 0x04, 0x00, 0x00, 0x00, 0xff, 0xff, 0xff, 0xff,
    0x00, 0x00, 0x00, 0x00, 0x01, 0x00, 0x00, 0x00, 0x0c, 0x00, 0x00, 0x00,
    0x01, 0x00, 0x00, 0x00, 0x00, 0x00, 0x00, 0x00, 0x67, 0x53, 0x6d, 0x70,
    0x00, 0x67, 0x54, 0x65, 0x78, 0x00, 0x4d, 0x69, 0x63, 0x72, 0x6f, 0x73,
    0x6f, 0x66, 0x74, 0x20, 0x28, 0x52, 0x29, 0x20, 0x48, 0x4c, 0x53, 0x4c,
    0x20, 0x53, 0x68, 0x61, 0x64, 0x65, 0x72, 0x20, 0x43, 0x6f, 0x6d, 0x70,
    0x69, 0x6c, 0x65, 0x72, 0x20, 0x31, 0x30, 0x2e, 0x31, 0x00, 0xab, 0xab,
    0x49, 0x53, 0x47, 0x4e, 0x68, 0x00, 0x00, 0x00, 0x03, 0x00, 0x00, 0x00,
    0x08, 0x00, 0x00, 0x00, 0x50, 0x00, 0x00, 0x00, 0x00, 0x00, 0x00, 0x00,
    0x01, 0x00, 0x00, 0x00, 0x03, 0x00, 0x00, 0x00, 0x00, 0x00, 0x00, 0x00,
    0x0f, 0x00, 0x00, 0x00, 0x5c, 0x00, 0x00, 0x00, 0x00, 0x00, 0x00, 0x00,
    0x00, 0x00, 0x00, 0x00, 0x03, 0x00, 0x00, 0x00, 0x01, 0x00, 0x00, 0x00,
    0x03, 0x03, 0x00, 0x00, 0x5c, 0x00, 0x00, 0x00, 0x01, 0x00, 0x00, 0x00,
    0x00, 0x00, 0x00, 0x00, 0x03, 0x00, 0x00, 0x00, 0x01, 0x00, 0x00, 0x00,
    0x04, 0x04, 0x00, 0x00, 0x53, 0x56, 0x5f, 0x50, 0x4f, 0x53, 0x49, 0x54,
    0x49, 0x4f, 0x4e, 0x00, 0x54, 0x45, 0x58, 0x43, 0x4f, 0x4f, 0x52, 0x44,
    0x00, 0xab, 0xab, 0xab, 0x4f, 0x53, 0x47, 0x4e, 0x2c, 0x00, 0x00, 0x00,
    0x01, 0x00, 0x00, 0x00, 0x08, 0x00, 0x00, 0x00, 0x20, 0x00, 0x00, 0x00,
    0x00, 0x00, 0x00, 0x00, 0x00, 0x00, 0x00, 0x00, 0x03, 0x00, 0x00, 0x00,
    0x00, 0x00, 0x00, 0x00, 0x0f, 0x00, 0x00, 0x00, 0x53, 0x56, 0x5f, 0x54,
    0x41, 0x52, 0x47, 0x45, 0x54, 0x00, 0xab, 0xab, 0x53, 0x48, 0x45, 0x58,
    0xb8, 0x00, 0x00, 0x00, 0x51, 0x00, 0x00, 0x00, 0x2e, 0x00, 0x00, 0x00,
    0x6a, 0x08, 0x00, 0x01, 0x5a, 0x00, 0x00, 0x06, 0x46, 0x6e, 0x30, 0x00,
    0x00, 0x00, 0x00, 0x00, 0x01, 0x00, 0x00, 0x00, 0x01, 0x00, 0x00, 0x00,
    0x01, 0x00, 0x00, 0x00, 0x58, 0x18, 0x00, 0x07, 0x46, 0x7e, 0x30, 0x00,
    0x00, 0x00, 0x00, 0x00, 0x00, 0x00, 0x00, 0x00, 0x00, 0x00, 0x00, 0x00,
    0x55, 0x55, 0x00, 0x00, 0x01, 0x00, 0x00, 0x00, 0x62, 0x10, 0x00, 0x03,
    0x32, 0x10, 0x10, 0x00, 0x01, 0x00, 0x00, 0x00, 0x62, 0x10, 0x00, 0x03,
    0x42, 0x10, 0x10, 0x00, 0x01, 0x00, 0x00, 0x00, 0x65, 0x00, 0x00, 0x03,
    0xf2, 0x20, 0x10, 0x00, 0x00, 0x00, 0x00, 0x00, 0x68, 0x00, 0x00, 0x02,
    0x01, 0x00, 0x00, 0x00, 0x45, 0x00, 0x00, 0x0b, 0xf2, 0x00, 0x10, 0x00,
    0x00, 0x00, 0x00, 0x00, 0x46, 0x10, 0x10, 0x00, 0x01, 0x00, 0x00, 0x00,
    0x46, 0x7e, 0x20, 0x00, 0x00, 0x00, 0x00, 0x00, 0x00, 0x00, 0x00, 0x00,
    0x00, 0x60, 0x20, 0x00, 0x00, 0x00, 0x00, 0x00, 0x01, 0x00, 0x00, 0x00,
    0x38, 0x00, 0x00, 0x07, 0xf2, 0x20, 0x10, 0x00, 0x00, 0x00, 0x00, 0x00,
    0x46, 0x0e, 0x10, 0x00, 0x00, 0x00, 0x00, 0x00, 0xa6, 0x1a, 0x10, 0x00,
    0x01, 0x00, 0x00, 0x00, 0x3e, 0x00, 0x00, 0x01, 0x53, 0x54, 0x41, 0x54,
    0x94, 0x00, 0x00, 0x00, 0x03, 0x00, 0x00, 0x00, 0x01, 0x00, 0x00, 0x00,
    0x00, 0x00, 0x00, 0x00, 0x03, 0x00, 0x00, 0x00, 0x01, 0x00, 0x00, 0x00,
    0x00, 0x00, 0x00, 0x00, 0x00, 0x00, 0x00, 0x00, 0x01, 0x00, 0x00, 0x00,
    0x00, 0x00, 0x00, 0x00, 0x00, 0x00, 0x00, 0x00, 0x00, 0x00, 0x00, 0x00,
    0x00, 0x00, 0x00, 0x00, 0x00, 0x00, 0x00, 0x00, 0x00, 0x00, 0x00, 0x00,
    0x01, 0x00, 0x00, 0x00, 0x00, 0x00, 0x00, 0x00, 0x00, 0x00, 0x00, 0x00,
    0x00, 0x00, 0x00, 0x00, 0x00, 0x00, 0x00, 0x00, 0x00, 0x00, 0x00, 0x00,
    0x00, 0x00, 0x00, 0x00, 0x00, 0x00, 0x00, 0x00, 0x00, 0x00, 0x00, 0x00,
    0x00, 0x00, 0x00, 0x00, 0x00, 0x00, 0x00, 0x00, 0x00, 0x00, 0x00, 0x00,
    0x00, 0x00, 0x00, 0x00, 0x00, 0x00, 0x00, 0x00, 0x00, 0x00, 0x00, 0x00,
    0x00, 0x00, 0x00, 0x00, 0x00, 0x00, 0x00, 0x00, 0x00, 0x00, 0x00, 0x00,
    0x00, 0x00, 0x00, 0x00, 0x00, 0x00, 0x00, 0x00, 0x00, 0x00, 0x00, 0x00,
    0x00, 0x00, 0x00, 0x00, 0x00, 0x00, 0x00, 0x00,
};

static const unsigned int kquad_ps_csoSize = 764;

static const unsigned char kshape_vs_cso[] = {
    0x44, 0x58, 0x42, 0x43, 0xfc, 0x40, 0x61, 0xe7, 0x5d, 0x66, 0x42, 0xe8,
    0x51, 0xc8, 0x95, 0x35, 0x0b, 0xdf, 0xb9, 0x1c, 0x01, 0x00, 0x00, 0x00,
    0x60, 0x07, 0x00, 0x00, 0x05, 0x00, 0x00, 0x00, 0x34, 0x00, 0x00, 0x00,
    0xe0, 0x02, 0x00, 0x00, 0x14, 0x03, 0x00, 0x00, 0xd0, 0x03, 0x00, 0x00,
    0xc4, 0x06, 0x00, 0x00, 0x52, 0x44, 0x45, 0x46, 0xa4, 0x02, 0x00, 0x00,
    0x01, 0x00, 0x00, 0x00, 0x6c, 0x00, 0x00, 0x00, 0x01, 0x00, 0x00, 0x00,
    0x3c, 0x00, 0x00, 0x00, 0x00, 0x05, 0xfe, 0xff, 0x00, 0x01, 0x00, 0x00,
    0x7c, 0x02, 0x00, 0x00, 0x52, 0x44, 0x31, 0x31, 0x3c, 0x00, 0x00, 0x00,
    0x18, 0x00, 0x00, 0x00, 0x20, 0x00, 0x00, 0x00, 0x28, 0x00, 0x00, 0x00,
    0x24, 0x00, 0x00, 0x00, 0x0c, 0x00, 0x00, 0x00, 0x00, 0x00, 0x00, 0x00,
    0x5c, 0x00, 0x00, 0x00, 0x00, 0x00, 0x00, 0x00, 0x00, 0x00, 0x00, 0x00,
    0x00, 0x00, 0x00, 0x00, 0x00, 0x00, 0x00, 0x00, 0x00, 0x00, 0x00, 0x00,
    0x01, 0x00, 0x00, 0x00, 0x01, 0x00, 0x00, 0x00, 0x53, 0x68, 0x61, 0x70,
    0x65, 0x55, 0x6e, 0x69, 0x66, 0x6f, 0x72, 0x6d, 0x73, 0x00, 0xab, 0xab,
    0x5c, 0x00, 0x00, 0x00, 0x07, 0x00, 0x00, 0x00, 0x84, 0x00, 0x00, 0x00,
    0x40, 0x00, 0x00, 0x00, 0x00, 0x00, 0x00, 0x00, 0x00, 0x00, 0x00, 0x00,
    0x9c, 0x01, 0x00, 0x00, 0x00, 0x00, 0x00, 0x00, 0x10, 0x00, 0x00, 0x00,
    0x02, 0x00, 0x00, 0x00, 0xa8, 0x01, 0x00, 0x00, 0x00, 0x00, 0x00, 0x00,
    0xff, 0xff, 0xff, 0xff, 0x00, 0x00, 0x00, 0x00, 0xff, 0xff, 0xff, 0xff,
    0x00, 0x00, 0x00, 0x00, 0xcc, 0x01, 0x00, 0x00, 0x10, 0x00, 0x00, 0x00,
    0x10, 0x00, 0x00, 0x00, 0x02, 0x00, 0x00, 0x00, 0xa8, 0x01, 0x00, 0x00,
    0x00, 0x00, 0x00, 0x00, 0xff, 0xff, 0xff, 0xff, 0x00, 0x00, 0x00, 0x00,
    0xff, 0xff, 0xff, 0xff, 0x00, 0x00, 0x00, 0x00, 0xd2, 0x01, 0x00, 0x00,
    0x20, 0x00, 0x00, 0x00, 0x08, 0x00, 0x00, 0x00, 0x02, 0x00, 0x00, 0x00,
    0xe4, 0x01, 0x00, 0x00, 0x00, 0x00, 0x00, 0x00, 0xff, 0xff, 0xff, 0xff,
    0x00, 0x00, 0x00, 0x00, 0xff, 0xff, 0xff, 0xff, 0x00, 0x00, 0x00, 0x00,
    0x08, 0x02, 0x00, 0x00, 0x28, 0x00, 0x00, 0x00, 0x04, 0x00, 0x00, 0x00,
    0x02, 0x00, 0x00, 0x00, 0x18, 0x02, 0x00, 0x00, 0x00, 0x00, 0x00, 0x00,
    0xff, 0xff, 0xff, 0xff, 0x00, 0x00, 0x00, 0x00, 0xff, 0xff, 0xff, 0xff,
    0x00, 0x00, 0x00, 0x00, 0x3c, 0x02, 0x00, 0x00, 0x2c, 0x00, 0x00, 0x00,
    0x04, 0x00, 0x00, 0x00, 0x02, 0x00, 0x00, 0x00, 0x18, 0x02, 0x00, 0x00,
    0x00, 0x00, 0x00, 0x00, 0xff, 0xff, 0xff, 0xff, 0x00, 0x00, 0x00, 0x00,
    0xff, 0xff, 0xff, 0xff, 0x00, 0x00, 0x00, 0x00, 0x45, 0x02, 0x00, 0x00,
    0x30, 0x00, 0x00, 0x00, 0x04, 0x00, 0x00, 0x00, 0x02, 0x00, 0x00, 0x00,
    0x18, 0x02, 0x00, 0x00, 0x00, 0x00, 0x00, 0x00, 0xff, 0xff, 0xff, 0xff,
    0x00, 0x00, 0x00, 0x00, 0xff, 0xff, 0xff, 0xff, 0x00, 0x00, 0x00, 0x00,
    0x4a, 0x02, 0x00, 0x00, 0x34, 0x00, 0x00, 0x00, 0x0c, 0x00, 0x00, 0x00,
    0x00, 0x00, 0x00, 0x00, 0x58, 0x02, 0x00, 0x00, 0x00, 0x00, 0x00, 0x00,
    0xff, 0xff, 0xff, 0xff, 0x00, 0x00, 0x00, 0x00, 0xff, 0xff, 0xff, 0xff,
    0x00, 0x00, 0x00, 0x00, 0x72, 0x65, 0x63, 0x74, 0x00, 0x66, 0x6c, 0x6f,
    0x61, 0x74, 0x34, 0x00, 0x01, 0x00, 0x03, 0x00, 0x01, 0x00, 0x04, 0x00,
    0x00, 0x00, 0x00, 0x00, 0x00, 0x00, 0x00, 0x00, 0x00, 0x00, 0x00, 0x00,
    0x00, 0x00, 0x00, 0x00, 0x00, 0x00, 0x00, 0x00, 0x00, 0x00, 0x00, 0x00,
    0xa1, 0x01, 0x00, 0x00, 0x63, 0x6f, 0x6c, 0x6f, 0x72, 0x00, 0x76, 0x69,
    0x65, 0x77, 0x70, 0x6f, 0x72, 0x74, 0x00, 0x66, 0x6c, 0x6f, 0x61, 0x74,
    0x32, 0x00, 0xab, 0xab, 0x01, 0x00, 0x03, 0x00, 0x01, 0x00, 0x02, 0x00,
    0x00, 0x00, 0x00, 0x00, 0x00, 0x00, 0x00, 0x00, 0x00, 0x00, 0x00, 0x00,
    0x00, 0x00, 0x00, 0x00, 0x00, 0x00, 0x00, 0x00, 0x00, 0x00, 0x00, 0x00,
    0xdb, 0x01, 0x00, 0x00, 0x63, 0x6f, 0x72, 0x6e, 0x65, 0x72, 0x5f, 0x72,
    0x00, 0x66, 0x6c, 0x6f, 0x61, 0x74, 0x00, 0xab, 0x00, 0x00, 0x03, 0x00,
    0x01, 0x00, 0x01, 0x00, 0x00, 0x00, 0x00, 0x00, 0x00, 0x00, 0x00, 0x00,
    0x00, 0x00, 0x00, 0x00, 0x00, 0x00, 0x00, 0x00, 0x00, 0x00, 0x00, 0x00,
    0x00, 0x00, 0x00, 0x00, 0x11, 0x02, 0x00, 0x00, 0x73, 0x74, 0x72, 0x6f,
    0x6b, 0x65, 0x5f, 0x77, 0x00, 0x6b, 0x69, 0x6e, 0x64, 0x00, 0x5f, 0x70,
    0x61, 0x64, 0x00, 0x66, 0x6c, 0x6f, 0x61, 0x74, 0x33, 0x00, 0xab, 0xab,
    0x01, 0x00, 0x03, 0x00, 0x01, 0x00, 0x03, 0x00, 0x00, 0x00, 0x00, 0x00,
    0x00, 0x00, 0x00, 0x00, 0x00, 0x00, 0x00, 0x00, 0x00, 0x00, 0x00, 0x00,
    0x00, 0x00, 0x00, 0x00, 0x00, 0x00, 0x00, 0x00, 0x4f, 0x02, 0x00, 0x00,
    0x4d, 0x69, 0x63, 0x72, 0x6f, 0x73, 0x6f, 0x66, 0x74, 0x20, 0x28, 0x52,
    0x29, 0x20, 0x48, 0x4c, 0x53, 0x4c, 0x20, 0x53, 0x68, 0x61, 0x64, 0x65,
    0x72, 0x20, 0x43, 0x6f, 0x6d, 0x70, 0x69, 0x6c, 0x65, 0x72, 0x20, 0x31,
    0x30, 0x2e, 0x31, 0x00, 0x49, 0x53, 0x47, 0x4e, 0x2c, 0x00, 0x00, 0x00,
    0x01, 0x00, 0x00, 0x00, 0x08, 0x00, 0x00, 0x00, 0x20, 0x00, 0x00, 0x00,
    0x00, 0x00, 0x00, 0x00, 0x06, 0x00, 0x00, 0x00, 0x01, 0x00, 0x00, 0x00,
    0x00, 0x00, 0x00, 0x00, 0x01, 0x01, 0x00, 0x00, 0x53, 0x56, 0x5f, 0x56,
    0x65, 0x72, 0x74, 0x65, 0x78, 0x49, 0x44, 0x00, 0x4f, 0x53, 0x47, 0x4e,
    0xb4, 0x00, 0x00, 0x00, 0x06, 0x00, 0x00, 0x00, 0x08, 0x00, 0x00, 0x00,
    0x98, 0x00, 0x00, 0x00, 0x00, 0x00, 0x00, 0x00, 0x01, 0x00, 0x00, 0x00,
    0x03, 0x00, 0x00, 0x00, 0x00, 0x00, 0x00, 0x00, 0x0f, 0x00, 0x00, 0x00,
    0xa4, 0x00, 0x00, 0x00, 0x00, 0x00, 0x00, 0x00, 0x00, 0x00, 0x00, 0x00,
    0x03, 0x00, 0x00, 0x00, 0x01, 0x00, 0x00, 0x00, 0x0f, 0x00, 0x00, 0x00,
    0xaa, 0x00, 0x00, 0x00, 0x00, 0x00, 0x00, 0x00, 0x00, 0x00, 0x00, 0x00,
    0x03, 0x00, 0x00, 0x00, 0x02, 0x00, 0x00, 0x00, 0x0f, 0x00, 0x00, 0x00,
    0xaa, 0x00, 0x00, 0x00, 0x01, 0x00, 0x00, 0x00, 0x00, 0x00, 0x00, 0x00,
    0x03, 0x00, 0x00, 0x00, 0x03, 0x00, 0x00, 0x00, 0x01, 0x0e, 0x00, 0x00,
    0xaa, 0x00, 0x00, 0x00, 0x02, 0x00, 0x00, 0x00, 0x00, 0x00, 0x00, 0x00,
    0x03, 0x00, 0x00, 0x00, 0x03, 0x00, 0x00, 0x00, 0x02, 0x0d, 0x00, 0x00,
    0xaa, 0x00, 0x00, 0x00, 0x03, 0x00, 0x00, 0x00, 0x00, 0x00, 0x00, 0x00,
    0x03, 0x00, 0x00, 0x00, 0x03, 0x00, 0x00, 0x00, 0x04, 0x0b, 0x00, 0x00,
    0x53, 0x56, 0x5f, 0x50, 0x4f, 0x53, 0x49, 0x54, 0x49, 0x4f, 0x4e, 0x00,
    0x43, 0x4f, 0x4c, 0x4f, 0x52, 0x00, 0x54, 0x45, 0x58, 0x43, 0x4f, 0x4f,
    0x52, 0x44, 0x00, 0xab, 0x53, 0x48, 0x45, 0x58, 0xec, 0x02, 0x00, 0x00,
    0x50, 0x00, 0x01, 0x00, 0xbb, 0x00, 0x00, 0x00, 0x6a, 0x08, 0x00, 0x01,
    0x35, 0x18, 0x00, 0x00, 0x1a, 0x00, 0x00, 0x00, 0x00, 0x00, 0x00, 0x00,
    0x00, 0x00, 0x00, 0x00, 0x00, 0x00, 0x00, 0x00, 0x00, 0x00, 0x00, 0x00,
    0x00, 0x00, 0x80, 0x3f, 0x00, 0x00, 0x00, 0x00, 0x00, 0x00, 0x00, 0x00,
    0x00, 0x00, 0x00, 0x00, 0x00, 0x00, 0x00, 0x00, 0x00, 0x00, 0x80, 0x3f,
    0x00, 0x00, 0x00, 0x00, 0x00, 0x00, 0x00, 0x00, 0x00, 0x00, 0x00, 0x00,
    0x00, 0x00, 0x80, 0x3f, 0x00, 0x00, 0x00, 0x00, 0x00, 0x00, 0x00, 0x00,
    0x00, 0x00, 0x80, 0x3f, 0x00, 0x00, 0x00, 0x00, 0x00, 0x00, 0x00, 0x00,
    0x00, 0x00, 0x00, 0x00, 0x00, 0x00, 0x80, 0x3f, 0x00, 0x00, 0x80, 0x3f,
    0x00, 0x00, 0x00, 0x00, 0x00, 0x00, 0x00, 0x00, 0x59, 0x00, 0x00, 0x04,
    0x46, 0x8e, 0x20, 0x00, 0x00, 0x00, 0x00, 0x00, 0x04, 0x00, 0x00, 0x00,
    0x60, 0x00, 0x00, 0x04, 0x12, 0x10, 0x10, 0x00, 0x00, 0x00, 0x00, 0x00,
    0x06, 0x00, 0x00, 0x00, 0x67, 0x00, 0x00, 0x04, 0xf2, 0x20, 0x10, 0x00,
    0x00, 0x00, 0x00, 0x00, 0x01, 0x00, 0x00, 0x00, 0x65, 0x00, 0x00, 0x03,
    0xf2, 0x20, 0x10, 0x00, 0x01, 0x00, 0x00, 0x00, 0x65, 0x00, 0x00, 0x03,
    0xf2, 0x20, 0x10, 0x00, 0x02, 0x00, 0x00, 0x00, 0x65, 0x00, 0x00, 0x03,
    0x12, 0x20, 0x10, 0x00, 0x03, 0x00, 0x00, 0x00, 0x65, 0x00, 0x00, 0x03,
    0x22, 0x20, 0x10, 0x00, 0x03, 0x00, 0x00, 0x00, 0x65, 0x00, 0x00, 0x03,
    0x42, 0x20, 0x10, 0x00, 0x03, 0x00, 0x00, 0x00, 0x68, 0x00, 0x00, 0x02,
    0x02, 0x00, 0x00, 0x00, 0x31, 0x00, 0x00, 0x08, 0x12, 0x00, 0x10, 0x00,
    0x00, 0x00, 0x00, 0x00, 0x01, 0x40, 0x00, 0x00, 0x00, 0x00, 0x00, 0x00,
    0x3a, 0x80, 0x20, 0x00, 0x00, 0x00, 0x00, 0x00, 0x02, 0x00, 0x00, 0x00,
    0x32, 0x00, 0x00, 0x0a, 0x22, 0x00, 0x10, 0x00, 0x00, 0x00, 0x00, 0x00,
    0x3a, 0x80, 0x20, 0x00, 0x00, 0x00, 0x00, 0x00, 0x02, 0x00, 0x00, 0x00,
    0x01, 0x40, 0x00, 0x00, 0x00, 0x00, 0x00, 0x3f, 0x01, 0x40, 0x00, 0x00,
    0x00, 0x00, 0x00, 0x3f, 0x01, 0x00, 0x00, 0x07, 0x12, 0x00, 0x10, 0x00,
    0x00, 0x00, 0x00, 0x00, 0x1a, 0x00, 0x10, 0x00, 0x00, 0x00, 0x00, 0x00,
    0x0a, 0x00, 0x10, 0x00, 0x00, 0x00, 0x00, 0x00, 0x00, 0x00, 0x00, 0x09,
    0x62, 0x00, 0x10, 0x00, 0x00, 0x00, 0x00, 0x00, 0x06, 0x00, 0x10, 0x80,
    0x41, 0x00, 0x00, 0x00, 0x00, 0x00, 0x00, 0x00, 0x06, 0x81, 0x20, 0x00,
    0x00, 0x00, 0x00, 0x00, 0x00, 0x00, 0x00, 0x00, 0x32, 0x00, 0x00, 0x0d,
    0x92, 0x00, 0x10, 0x00, 0x00, 0x00, 0x00, 0x00, 0x06, 0x00, 0x10, 0x00,
    0x00, 0x00, 0x00, 0x00, 0x02, 0x40, 0x00, 0x00, 0x00, 0x00, 0x00, 0x40,
    0x00, 0x00, 0x00, 0x00, 0x00, 0x00, 0x00, 0x00, 0x00, 0x00, 0x00, 0x40,
    0xa6, 0x8e, 0x20, 0x00, 0x00, 0x00, 0x00, 0x00, 0x00, 0x00, 0x00, 0x00,
    0x36, 0x00, 0x00, 0x05, 0x12, 0x00, 0x10, 0x00, 0x01, 0x00, 0x00, 0x00,
    0x0a, 0x10, 0x10, 0x00, 0x00, 0x00, 0x00, 0x00, 0x32, 0x00, 0x00, 0x0a,
    0x32, 0x00, 0x10, 0x00, 0x00, 0x00, 0x00, 0x00, 0x46, 0x90, 0x90, 0x00,
    0x0a, 0x00, 0x10, 0x00, 0x01, 0x00, 0x00, 0x00, 0xc6, 0x00, 0x10, 0x00,
    0x00, 0x00, 0x00, 0x00, 0x96, 0x05, 0x10, 0x00, 0x00, 0x00, 0x00, 0x00,
    0x0e, 0x00, 0x00, 0x08, 0x32, 0x00, 0x10, 0x00, 0x00, 0x00, 0x00, 0x00,
    0x46, 0x00, 0x10, 0x00, 0x00, 0x00, 0x00, 0x00, 0x46, 0x80, 0x20, 0x00,
    0x00, 0x00, 0x00, 0x00, 0x02, 0x00, 0x00, 0x00, 0x32, 0x00, 0x00, 0x0f,
    0x32, 0x00, 0x10, 0x00, 0x00, 0x00, 0x00, 0x00, 0x46, 0x00, 0x10, 0x00,
    0x00, 0x00, 0x00, 0x00, 0x02, 0x40, 0x00, 0x00, 0x00, 0x00, 0x00, 0x40,
    0x00, 0x00, 0x00, 0x40, 0x00, 0x00, 0x00, 0x00, 0x00, 0x00, 0x00, 0x00,
    0x02, 0x40, 0x00, 0x00, 0x00, 0x00, 0x80, 0xbf, 0x00, 0x00, 0x80, 0xbf,
    0x00, 0x00, 0x00, 0x00, 0x00, 0x00, 0x00, 0x00, 0x36, 0x00, 0x00, 0x06,
    0x22, 0x20, 0x10, 0x00, 0x00, 0x00, 0x00, 0x00, 0x1a, 0x00, 0x10, 0x80,
    0x41, 0x00, 0x00, 0x00, 0x00, 0x00, 0x00, 0x00, 0x36, 0x00, 0x00, 0x05,
    0x12, 0x20, 0x10, 0x00, 0x00, 0x00, 0x00, 0x00, 0x0a, 0x00, 0x10, 0x00,
    0x00, 0x00, 0x00, 0x00, 0x36, 0x00, 0x00, 0x08, 0xc2, 0x20, 0x10, 0x00,
    0x00, 0x00, 0x00, 0x00, 0x02, 0x40, 0x00, 0x00, 0x00, 0x00, 0x00, 0x00,
    0x00, 0x00, 0x00, 0x00, 0x00, 0x00, 0x00, 0x00, 0x00, 0x00, 0x80, 0x3f,
    0x36, 0x00, 0x00, 0x06, 0xf2, 0x20, 0x10, 0x00, 0x01, 0x00, 0x00, 0x00,
    0x46, 0x8e, 0x20, 0x00, 0x00, 0x00, 0x00, 0x00, 0x01, 0x00, 0x00, 0x00,
    0x36, 0x00, 0x00, 0x06, 0xf2, 0x20, 0x10, 0x00, 0x02, 0x00, 0x00, 0x00,
    0x46, 0x8e, 0x20, 0x00, 0x00, 0x00, 0x00, 0x00, 0x00, 0x00, 0x00, 0x00,
    0x36, 0x00, 0x00, 0x06, 0x32, 0x20, 0x10, 0x00, 0x03, 0x00, 0x00, 0x00,
    0xe6, 0x8a, 0x20, 0x00, 0x00, 0x00, 0x00, 0x00, 0x02, 0x00, 0x00, 0x00,
    0x36, 0x00, 0x00, 0x06, 0x42, 0x20, 0x10, 0x00, 0x03, 0x00, 0x00, 0x00,
    0x0a, 0x80, 0x20, 0x00, 0x00, 0x00, 0x00, 0x00, 0x03, 0x00, 0x00, 0x00,
    0x3e, 0x00, 0x00, 0x01, 0x53, 0x54, 0x41, 0x54, 0x94, 0x00, 0x00, 0x00,
    0x11, 0x00, 0x00, 0x00, 0x02, 0x00, 0x00, 0x00, 0x06, 0x00, 0x00, 0x00,
    0x07, 0x00, 0x00, 0x00, 0x08, 0x00, 0x00, 0x00, 0x00, 0x00, 0x00, 0x00,
    0x01, 0x00, 0x00, 0x00, 0x01, 0x00, 0x00, 0x00, 0x00, 0x00, 0x00, 0x00,
    0x00, 0x00, 0x00, 0x00, 0x00, 0x00, 0x00, 0x00, 0x00, 0x00, 0x00, 0x00,
    0x00, 0x00, 0x00, 0x00, 0x00, 0x00, 0x00, 0x00, 0x00, 0x00, 0x00, 0x00,
    0x00, 0x00, 0x00, 0x00, 0x00, 0x00, 0x00, 0x00, 0x00, 0x00, 0x00, 0x00,
    0x00, 0x00, 0x00, 0x00, 0x07, 0x00, 0x00, 0x00, 0x00, 0x00, 0x00, 0x00,
    0x00, 0x00, 0x00, 0x00, 0x00, 0x00, 0x00, 0x00, 0x00, 0x00, 0x00, 0x00,
    0x00, 0x00, 0x00, 0x00, 0x00, 0x00, 0x00, 0x00, 0x00, 0x00, 0x00, 0x00,
    0x00, 0x00, 0x00, 0x00, 0x00, 0x00, 0x00, 0x00, 0x00, 0x00, 0x00, 0x00,
    0x00, 0x00, 0x00, 0x00, 0x00, 0x00, 0x00, 0x00, 0x00, 0x00, 0x00, 0x00,
    0x00, 0x00, 0x00, 0x00, 0x00, 0x00, 0x00, 0x00, 0x00, 0x00, 0x00, 0x00,
    0x00, 0x00, 0x00, 0x00,
};

static const unsigned int kshape_vs_csoSize = 1888;

static const unsigned char kshape_ps_cso[] = {
    0x44, 0x58, 0x42, 0x43, 0xd2, 0x84, 0x00, 0xc3, 0x8b, 0x05, 0xee, 0x72,
    0x65, 0xd1, 0xb9, 0x8d, 0x28, 0x78, 0x8f, 0xf1, 0x01, 0x00, 0x00, 0x00,
    0xe8, 0x06, 0x00, 0x00, 0x05, 0x00, 0x00, 0x00, 0x34, 0x00, 0x00, 0x00,
    0xa0, 0x00, 0x00, 0x00, 0x5c, 0x01, 0x00, 0x00, 0x90, 0x01, 0x00, 0x00,
    0x4c, 0x06, 0x00, 0x00, 0x52, 0x44, 0x45, 0x46, 0x64, 0x00, 0x00, 0x00,
    0x00, 0x00, 0x00, 0x00, 0x00, 0x00, 0x00, 0x00, 0x00, 0x00, 0x00, 0x00,
    0x3c, 0x00, 0x00, 0x00, 0x00, 0x05, 0xff, 0xff, 0x00, 0x01, 0x00, 0x00,
    0x3c, 0x00, 0x00, 0x00, 0x52, 0x44, 0x31, 0x31, 0x3c, 0x00, 0x00, 0x00,
    0x18, 0x00, 0x00, 0x00, 0x20, 0x00, 0x00, 0x00, 0x28, 0x00, 0x00, 0x00,
    0x24, 0x00, 0x00, 0x00, 0x0c, 0x00, 0x00, 0x00, 0x00, 0x00, 0x00, 0x00,
    0x4d, 0x69, 0x63, 0x72, 0x6f, 0x73, 0x6f, 0x66, 0x74, 0x20, 0x28, 0x52,
    0x29, 0x20, 0x48, 0x4c, 0x53, 0x4c, 0x20, 0x53, 0x68, 0x61, 0x64, 0x65,
    0x72, 0x20, 0x43, 0x6f, 0x6d, 0x70, 0x69, 0x6c, 0x65, 0x72, 0x20, 0x31,
    0x30, 0x2e, 0x31, 0x00, 0x49, 0x53, 0x47, 0x4e, 0xb4, 0x00, 0x00, 0x00,
    0x06, 0x00, 0x00, 0x00, 0x08, 0x00, 0x00, 0x00, 0x98, 0x00, 0x00, 0x00,
    0x00, 0x00, 0x00, 0x00, 0x01, 0x00, 0x00, 0x00, 0x03, 0x00, 0x00, 0x00,
    0x00, 0x00, 0x00, 0x00, 0x0f, 0x03, 0x00, 0x00, 0xa4, 0x00, 0x00, 0x00,
    0x00, 0x00, 0x00, 0x00, 0x00, 0x00, 0x00, 0x00, 0x03, 0x00, 0x00, 0x00,
    0x01, 0x00, 0x00, 0x00, 0x0f, 0x0f, 0x00, 0x00, 0xaa, 0x00, 0x00, 0x00,
    0x00, 0x00, 0x00, 0x00, 0x00, 0x00, 0x00, 0x00, 0x03, 0x00, 0x00, 0x00,
    0x02, 0x00, 0x00, 0x00, 0x0f, 0x0f, 0x00, 0x00, 0xaa, 0x00, 0x00, 0x00,
    0x01, 0x00, 0x00, 0x00, 0x00, 0x00, 0x00, 0x00, 0x03, 0x00, 0x00, 0x00,
    0x03, 0x00, 0x00, 0x00, 0x01, 0x01, 0x00, 0x00, 0xaa, 0x00, 0x00, 0x00,
    0x02, 0x00, 0x00, 0x00, 0x00, 0x00, 0x00, 0x00, 0x03, 0x00, 0x00, 0x00,
    0x03, 0x00, 0x00, 0x00, 0x02, 0x02, 0x00, 0x00, 0xaa, 0x00, 0x00, 0x00,
    0x03, 0x00, 0x00, 0x00, 0x00, 0x00, 0x00, 0x00, 0x03, 0x00, 0x00, 0x00,
    0x03, 0x00, 0x00, 0x00, 0x04, 0x04, 0x00, 0x00, 0x53, 0x56, 0x5f, 0x50,
    0x4f, 0x53, 0x49, 0x54, 0x49, 0x4f, 0x4e, 0x00, 0x43, 0x4f, 0x4c, 0x4f,
    0x52, 0x00, 0x54, 0x45, 0x58, 0x43, 0x4f, 0x4f, 0x52, 0x44, 0x00, 0xab,
    0x4f, 0x53, 0x47, 0x4e, 0x2c, 0x00, 0x00, 0x00, 0x01, 0x00, 0x00, 0x00,
    0x08, 0x00, 0x00, 0x00, 0x20, 0x00, 0x00, 0x00, 0x00, 0x00, 0x00, 0x00,
    0x00, 0x00, 0x00, 0x00, 0x03, 0x00, 0x00, 0x00, 0x00, 0x00, 0x00, 0x00,
    0x0f, 0x00, 0x00, 0x00, 0x53, 0x56, 0x5f, 0x54, 0x41, 0x52, 0x47, 0x45,
    0x54, 0x00, 0xab, 0xab, 0x53, 0x48, 0x45, 0x58, 0xb4, 0x04, 0x00, 0x00,
    0x50, 0x00, 0x00, 0x00, 0x2d, 0x01, 0x00, 0x00, 0x6a, 0x08, 0x00, 0x01,
    0x64, 0x20, 0x00, 0x04, 0x32, 0x10, 0x10, 0x00, 0x00, 0x00, 0x00, 0x00,
    0x01, 0x00, 0x00, 0x00, 0x62, 0x10, 0x00, 0x03, 0xf2, 0x10, 0x10, 0x00,
    0x01, 0x00, 0x00, 0x00, 0x62, 0x10, 0x00, 0x03, 0xf2, 0x10, 0x10, 0x00,
    0x02, 0x00, 0x00, 0x00, 0x62, 0x10, 0x00, 0x03, 0x12, 0x10, 0x10, 0x00,
    0x03, 0x00, 0x00, 0x00, 0x62, 0x10, 0x00, 0x03, 0x22, 0x10, 0x10, 0x00,
    0x03, 0x00, 0x00, 0x00, 0x62, 0x10, 0x00, 0x03, 0x42, 0x10, 0x10, 0x00,
    0x03, 0x00, 0x00, 0x00, 0x65, 0x00, 0x00, 0x03, 0xf2, 0x20, 0x10, 0x00,
    0x00, 0x00, 0x00, 0x00, 0x68, 0x00, 0x00, 0x02, 0x02, 0x00, 0x00, 0x00,
    0x32, 0x00, 0x00, 0x0c, 0x32, 0x00, 0x10, 0x00, 0x00, 0x00, 0x00, 0x00,
    0xe6, 0x1a, 0x10, 0x00, 0x02, 0x00, 0x00, 0x00, 0x02, 0x40, 0x00, 0x00,
    0x00, 0x00, 0x00, 0x3f, 0x00, 0x00, 0x00, 0x3f, 0x00, 0x00, 0x00, 0x00,
    0x00, 0x00, 0x00, 0x00, 0x46, 0x10, 0x10, 0x00, 0x02, 0x00, 0x00, 0x00,
    0x00, 0x00, 0x00, 0x08, 0x32, 0x00, 0x10, 0x00, 0x00, 0x00, 0x00, 0x00,
    0x46, 0x00, 0x10, 0x80, 0x41, 0x00, 0x00, 0x00, 0x00, 0x00, 0x00, 0x00,
    0x46, 0x10, 0x10, 0x00, 0x00, 0x00, 0x00, 0x00, 0x32, 0x00, 0x00, 0x0e,
    0xc2, 0x00, 0x10, 0x00, 0x00, 0x00, 0x00, 0x00, 0xa6, 0x1e, 0x10, 0x80,
    0x41, 0x00, 0x00, 0x00, 0x02, 0x00, 0x00, 0x00, 0x02, 0x40, 0x00, 0x00,
    0x00, 0x00, 0x00, 0x00, 0x00, 0x00, 0x00, 0x00, 0x00, 0x00, 0x00, 0x3f,
    0x00, 0x00, 0x00, 0x3f, 0x06, 0x04, 0x10, 0x80, 0x81, 0x00, 0x00, 0x00,
    0x00, 0x00, 0x00, 0x00, 0x38, 0x00, 0x00, 0x0a, 0x32, 0x00, 0x10, 0x00,
    0x01, 0x00, 0x00, 0x00, 0xe6, 0x1a, 0x10, 0x00, 0x02, 0x00, 0x00, 0x00,
    0x02, 0x40, 0x00, 0x00, 0x00, 0x00, 0x00, 0x3f, 0x00, 0x00, 0x00, 0x3f,
    0x00, 0x00, 0x00, 0x00, 0x00, 0x00, 0x00, 0x00, 0x33, 0x00, 0x00, 0x07,
    0x42, 0x00, 0x10, 0x00, 0x01, 0x00, 0x00, 0x00, 0x1a, 0x00, 0x10, 0x00,
    0x01, 0x00, 0x00, 0x00, 0x0a, 0x00, 0x10, 0x00, 0x01, 0x00, 0x00, 0x00,
    0x0e, 0x00, 0x00, 0x07, 0x32, 0x00, 0x10, 0x00, 0x00, 0x00, 0x00, 0x00,
    0x46, 0x00, 0x10, 0x00, 0x00, 0x00, 0x00, 0x00, 0x46, 0x00, 0x10, 0x00,
    0x01, 0x00, 0x00, 0x00, 0x0f, 0x00, 0x00, 0x07, 0x12, 0x00, 0x10, 0x00,
    0x00, 0x00, 0x00, 0x00, 0x46, 0x00, 0x10, 0x00, 0x00, 0x00, 0x00, 0x00,
    0x46, 0x00, 0x10, 0x00, 0x00, 0x00, 0x00, 0x00, 0x4b, 0x00, 0x00, 0x05,
    0x12, 0x00, 0x10, 0x00, 0x00, 0x00, 0x00, 0x00, 0x0a, 0x00, 0x10, 0x00,
    0x00, 0x00, 0x00, 0x00, 0x00, 0x00, 0x00, 0x07, 0x12, 0x00, 0x10, 0x00,
    0x00, 0x00, 0x00, 0x00, 0x0a, 0x00, 0x10, 0x00, 0x00, 0x00, 0x00, 0x00,
    0x01, 0x40, 0x00, 0x00, 0x00, 0x00, 0x80, 0xbf, 0x38, 0x00, 0x00, 0x07,
    0x12, 0x00, 0x10, 0x00, 0x00, 0x00, 0x00, 0x00, 0x2a, 0x00, 0x10, 0x00,
    0x01, 0x00, 0x00, 0x00, 0x0a, 0x00, 0x10, 0x00, 0x00, 0x00, 0x00, 0x00,
    0x33, 0x00, 0x00, 0x07, 0x22, 0x00, 0x10, 0x00, 0x00, 0x00, 0x00, 0x00,
    0x2a, 0x00, 0x10, 0x00, 0x01, 0x00, 0x00, 0x00, 0x0a, 0x10, 0x10, 0x00,
    0x03, 0x00, 0x00, 0x00, 0x00, 0x00, 0x00, 0x07, 0xc2, 0x00, 0x10, 0x00,
    0x00, 0x00, 0x00, 0x00, 0x56, 0x05, 0x10, 0x00, 0x00, 0x00, 0x00, 0x00,
    0xa6, 0x0e, 0x10, 0x00, 0x00, 0x00, 0x00, 0x00, 0x34, 0x00, 0x00, 0x0a,
    0x32, 0x00, 0x10, 0x00, 0x01, 0x00, 0x00, 0x00, 0xe6, 0x0a, 0x10, 0x00,
    0x00, 0x00, 0x00, 0x00, 0x02, 0x40, 0x00, 0x00, 0x00, 0x00, 0x00, 0x00,
    0x00, 0x00, 0x00, 0x00, 0x00, 0x00, 0x00, 0x00, 0x00, 0x00, 0x00, 0x00,
    0x34, 0x00, 0x00, 0x07, 0x42, 0x00, 0x10, 0x00, 0x00, 0x00, 0x00, 0x00,
    0x3a, 0x00, 0x10, 0x00, 0x00, 0x00, 0x00, 0x00, 0x2a, 0x00, 0x10, 0x00,
    0x00, 0x00, 0x00, 0x00, 0x33, 0x00, 0x00, 0x07, 0x42, 0x00, 0x10, 0x00,
    0x00, 0x00, 0x00, 0x00, 0x2a, 0x00, 0x10, 0x00, 0x00, 0x00, 0x00, 0x00,
    0x01, 0x40, 0x00, 0x00, 0x00, 0x00, 0x00, 0x00, 0x0f, 0x00, 0x00, 0x07,
    0x82, 0x00, 0x10, 0x00, 0x00, 0x00, 0x00, 0x00, 0x46, 0x00, 0x10, 0x00,
    0x01, 0x00, 0x00, 0x00, 0x46, 0x00, 0x10, 0x00, 0x01, 0x00, 0x00, 0x00,
    0x4b, 0x00, 0x00, 0x05, 0x82, 0x00, 0x10, 0x00, 0x00, 0x00, 0x00, 0x00,
    0x3a, 0x00, 0x10, 0x00, 0x00, 0x00, 0x00, 0x00, 0x00, 0x00, 0x00, 0x07,
    0x42, 0x00, 0x10, 0x00, 0x00, 0x00, 0x00, 0x00, 0x2a, 0x00, 0x10, 0x00,
    0x00, 0x00, 0x00, 0x00, 0x3a, 0x00, 0x10, 0x00, 0x00, 0x00, 0x00, 0x00,
    0x00, 0x00, 0x00, 0x08, 0x22, 0x00, 0x10, 0x00, 0x00, 0x00, 0x00, 0x00,
    0x1a, 0x00, 0x10, 0x80, 0x41, 0x00, 0x00, 0x00, 0x00, 0x00, 0x00, 0x00,
    0x2a, 0x00, 0x10, 0x00, 0x00, 0x00, 0x00, 0x00, 0x31, 0x00, 0x00, 0x07,
    0x42, 0x00, 0x10, 0x00, 0x00, 0x00, 0x00, 0x00, 0x2a, 0x10, 0x10, 0x00,
    0x03, 0x00, 0x00, 0x00, 0x01, 0x40, 0x00, 0x00, 0x00, 0x00, 0x00, 0x3f,
    0x37, 0x00, 0x00, 0x09, 0x12, 0x00, 0x10, 0x00, 0x00, 0x00, 0x00, 0x00,
    0x2a, 0x00, 0x10, 0x00, 0x00, 0x00, 0x00, 0x00, 0x1a, 0x00, 0x10, 0x00,
    0x00, 0x00, 0x00, 0x00, 0x0a, 0x00, 0x10, 0x00, 0x00, 0x00, 0x00, 0x00,
    0x32, 0x00, 0x00, 0x0b, 0x22, 0x00, 0x10, 0x00, 0x00, 0x00, 0x00, 0x00,
    0x1a, 0x10, 0x10, 0x80, 0x41, 0x00, 0x00, 0x00, 0x03, 0x00, 0x00, 0x00,
    0x01, 0x40, 0x00, 0x00, 0x00, 0x00, 0x00, 0x3f, 0x0a, 0x00, 0x10, 0x80,
    0x81, 0x00, 0x00, 0x00, 0x00, 0x00, 0x00, 0x00, 0x00, 0x20, 0x00, 0x0a,
    0x32, 0x00, 0x10, 0x00, 0x00, 0x00, 0x00, 0x00, 0x46, 0x00, 0x10, 0x00,
    0x00, 0x00, 0x00, 0x00, 0x02, 0x40, 0x00, 0x00, 0x00, 0x00, 0x00, 0x3f,
    0x00, 0x00, 0x00, 0x3f, 0x00, 0x00, 0x00, 0x00, 0x00, 0x00, 0x00, 0x00,
    0x32, 0x00, 0x00, 0x09, 0x42, 0x00, 0x10, 0x00, 0x00, 0x00, 0x00, 0x00,
    0x1a, 0x00, 0x10, 0x00, 0x00, 0x00, 0x00, 0x00, 0x01, 0x40, 0x00, 0x00,
    0x00, 0x00, 0x00, 0xc0, 0x01, 0x40, 0x00, 0x00, 0x00, 0x00, 0x40, 0x40,
    0x38, 0x00, 0x00, 0x07, 0x22, 0x00, 0x10, 0x00, 0x00, 0x00, 0x00, 0x00,
    0x1a, 0x00, 0x10, 0x00, 0x00, 0x00, 0x00, 0x00, 0x1a, 0x00, 0x10, 0x00,
    0x00, 0x00, 0x00, 0x00, 0x32, 0x00, 0x00, 0x0a, 0x22, 0x00, 0x10, 0x00,
    0x00, 0x00, 0x00, 0x00, 0x2a, 0x00, 0x10, 0x80, 0x41, 0x00, 0x00, 0x00,
    0x00, 0x00, 0x00, 0x00, 0x1a, 0x00, 0x10, 0x00, 0x00, 0x00, 0x00, 0x00,
    0x01, 0x40, 0x00, 0x00, 0x00, 0x00, 0x80, 0x3f, 0x32, 0x00, 0x00, 0x09,
    0x42, 0x00, 0x10, 0x00, 0x00, 0x00, 0x00, 0x00, 0x0a, 0x00, 0x10, 0x00,
    0x00, 0x00, 0x00, 0x00, 0x01, 0x40, 0x00, 0x00, 0x00, 0x00, 0x00, 0xc0,
    0x01, 0x40, 0x00, 0x00, 0x00, 0x00, 0x40, 0x40, 0x38, 0x00, 0x00, 0x07,
    0x12, 0x00, 0x10, 0x00, 0x00, 0x00, 0x00, 0x00, 0x0a, 0x00, 0x10, 0x00,
    0x00, 0x00, 0x00, 0x00, 0x0a, 0x00, 0x10, 0x00, 0x00, 0x00, 0x00, 0x00,
    0x32, 0x00, 0x00, 0x0a, 0x12, 0x00, 0x10, 0x00, 0x00, 0x00, 0x00, 0x00,
    0x2a, 0x00, 0x10, 0x80, 0x41, 0x00, 0x00, 0x00, 0x00, 0x00, 0x00, 0x00,
    0x0a, 0x00, 0x10, 0x00, 0x00, 0x00, 0x00, 0x00, 0x01, 0x40, 0x00, 0x00,
    0x00, 0x00, 0x80, 0x3f, 0x1d, 0x00, 0x00, 0x07, 0x42, 0x00, 0x10, 0x00,
    0x00, 0x00, 0x00, 0x00, 0x01, 0x40, 0x00, 0x00, 0x00, 0x00, 0x00, 0x00,
    0x1a, 0x10, 0x10, 0x00, 0x03, 0x00, 0x00, 0x00, 0x37, 0x00, 0x00, 0x09,
    0x12, 0x00, 0x10, 0x00, 0x00, 0x00, 0x00, 0x00, 0x2a, 0x00, 0x10, 0x00,
    0x00, 0x00, 0x00, 0x00, 0x0a, 0x00, 0x10, 0x00, 0x00, 0x00, 0x00, 0x00,
    0x1a, 0x00, 0x10, 0x00, 0x00, 0x00, 0x00, 0x00, 0x38, 0x00, 0x00, 0x07,
    0x12, 0x00, 0x10, 0x00, 0x00, 0x00, 0x00, 0x00, 0x0a, 0x00, 0x10, 0x00,
    0x00, 0x00, 0x00, 0x00, 0x3a, 0x10, 0x10, 0x00, 0x01, 0x00, 0x00, 0x00,
    0x38, 0x00, 0x00, 0x07, 0x72, 0x20, 0x10, 0x00, 0x00, 0x00, 0x00, 0x00,
    0x06, 0x00, 0x10, 0x00, 0x00, 0x00, 0x00, 0x00, 0x46, 0x12, 0x10, 0x00,
    0x01, 0x00, 0x00, 0x00, 0x36, 0x00, 0x00, 0x05, 0x82, 0x20, 0x10, 0x00,
    0x00, 0x00, 0x00, 0x00, 0x0a, 0x00, 0x10, 0x00, 0x00, 0x00, 0x00, 0x00,
    0x3e, 0x00, 0x00, 0x01, 0x53, 0x54, 0x41, 0x54, 0x94, 0x00, 0x00, 0x00,
    0x23, 0x00, 0x00, 0x00, 0x02, 0x00, 0x00, 0x00, 0x00, 0x00, 0x00, 0x00,
    0x07, 0x00, 0x00, 0x00, 0x1f, 0x00, 0x00, 0x00, 0x00, 0x00, 0x00, 0x00,
    0x00, 0x00, 0x00, 0x00, 0x01, 0x00, 0x00, 0x00, 0x00, 0x00, 0x00, 0x00,
    0x00, 0x00, 0x00, 0x00, 0x00, 0x00, 0x00, 0x00, 0x00, 0x00, 0x00, 0x00,
    0x00, 0x00, 0x00, 0x00, 0x00, 0x00, 0x00, 0x00, 0x00, 0x00, 0x00, 0x00,
    0x00, 0x00, 0x00, 0x00, 0x00, 0x00, 0x00, 0x00, 0x00, 0x00, 0x00, 0x00,
    0x00, 0x00, 0x00, 0x00, 0x01, 0x00, 0x00, 0x00, 0x02, 0x00, 0x00, 0x00,
    0x00, 0x00, 0x00, 0x00, 0x00, 0x00, 0x00, 0x00, 0x00, 0x00, 0x00, 0x00,
    0x00, 0x00, 0x00, 0x00, 0x00, 0x00, 0x00, 0x00, 0x00, 0x00, 0x00, 0x00,
    0x00, 0x00, 0x00, 0x00, 0x00, 0x00, 0x00, 0x00, 0x00, 0x00, 0x00, 0x00,
    0x00, 0x00, 0x00, 0x00, 0x00, 0x00, 0x00, 0x00, 0x00, 0x00, 0x00, 0x00,
    0x00, 0x00, 0x00, 0x00, 0x00, 0x00, 0x00, 0x00, 0x00, 0x00, 0x00, 0x00,
    0x00, 0x00, 0x00, 0x00,
};

static const unsigned int kshape_ps_csoSize = 1768;

static const unsigned char karc_vs_cso[] = {
    0x44, 0x58, 0x42, 0x43, 0x75, 0xcf, 0x0e, 0x15, 0xa5, 0x26, 0x12, 0xbd,
    0x8f, 0x00, 0x38, 0xec, 0x01, 0x18, 0x15, 0x06, 0x01, 0x00, 0x00, 0x00,
    0x64, 0x07, 0x00, 0x00, 0x05, 0x00, 0x00, 0x00, 0x34, 0x00, 0x00, 0x00,
    0xe4, 0x02, 0x00, 0x00, 0x18, 0x03, 0x00, 0x00, 0xd4, 0x03, 0x00, 0x00,
    0xc8, 0x06, 0x00, 0x00, 0x52, 0x44, 0x45, 0x46, 0xa8, 0x02, 0x00, 0x00,
    0x01, 0x00, 0x00, 0x00, 0x68, 0x00, 0x00, 0x00, 0x01, 0x00, 0x00, 0x00,
    0x3c, 0x00, 0x00, 0x00, 0x00, 0x05, 0xfe, 0xff, 0x00, 0x01, 0x00, 0x00,
    0x80, 0x02, 0x00, 0x00, 0x52, 0x44, 0x31, 0x31, 0x3c, 0x00, 0x00, 0x00,
    0x18, 0x00, 0x00, 0x00, 0x20, 0x00, 0x00, 0x00, 0x28, 0x00, 0x00, 0x00,
    0x24, 0x00, 0x00, 0x00, 0x0c, 0x00, 0x00, 0x00, 0x00, 0x00, 0x00, 0x00,
    0x5c, 0x00, 0x00, 0x00, 0x00, 0x00, 0x00, 0x00, 0x00, 0x00, 0x00, 0x00,
    0x00, 0x00, 0x00, 0x00, 0x00, 0x00, 0x00, 0x00, 0x00, 0x00, 0x00, 0x00,
    0x01, 0x00, 0x00, 0x00, 0x01, 0x00, 0x00, 0x00, 0x41, 0x72, 0x63, 0x55,
    0x6e, 0x69, 0x66, 0x6f, 0x72, 0x6d, 0x73, 0x00, 0x5c, 0x00, 0x00, 0x00,
    0x07, 0x00, 0x00, 0x00, 0x80, 0x00, 0x00, 0x00, 0x40, 0x00, 0x00, 0x00,
    0x00, 0x00, 0x00, 0x00, 0x00, 0x00, 0x00, 0x00, 0x98, 0x01, 0x00, 0x00,
    0x00, 0x00, 0x00, 0x00, 0x10, 0x00, 0x00, 0x00, 0x02, 0x00, 0x00, 0x00,
    0xa4, 0x01, 0x00, 0x00, 0x00, 0x00, 0x00, 0x00, 0xff, 0xff, 0xff, 0xff,
    0x00, 0x00, 0x00, 0x00, 0xff, 0xff, 0xff, 0xff, 0x00, 0x00, 0x00, 0x00,
    0xc8, 0x01, 0x00, 0x00, 0x10, 0x00, 0x00, 0x00, 0x10, 0x00, 0x00, 0x00,
    0x02, 0x00, 0x00, 0x00, 0xa4, 0x01, 0x00, 0x00, 0x00, 0x00, 0x00, 0x00,
    0xff, 0xff, 0xff, 0xff, 0x00, 0x00, 0x00, 0x00, 0xff, 0xff, 0xff, 0xff,
    0x00, 0x00, 0x00, 0x00, 0xce, 0x01, 0x00, 0x00, 0x20, 0x00, 0x00, 0x00,
    0x08, 0x00, 0x00, 0x00, 0x02, 0x00, 0x00, 0x00, 0xe0, 0x01, 0x00, 0x00,
    0x00, 0x00, 0x00, 0x00, 0xff, 0xff, 0xff, 0xff, 0x00, 0x00, 0x00, 0x00,
    0xff, 0xff, 0xff, 0xff, 0x00, 0x00, 0x00, 0x00, 0x04, 0x02, 0x00, 0x00,
    0x28, 0x00, 0x00, 0x00, 0x04, 0x00, 0x00, 0x00, 0x02, 0x00, 0x00, 0x00,
    0x14, 0x02, 0x00, 0x00, 0x00, 0x00, 0x00, 0x00, 0xff, 0xff, 0xff, 0xff,
    0x00, 0x00, 0x00, 0x00, 0xff, 0xff, 0xff, 0xff, 0x00, 0x00, 0x00, 0x00,
    0x38, 0x02, 0x00, 0x00, 0x2c, 0x00, 0x00, 0x00, 0x04, 0x00, 0x00, 0x00,
    0x02, 0x00, 0x00, 0x00, 0x14, 0x02, 0x00, 0x00, 0x00, 0x00, 0x00, 0x00,
    0xff, 0xff, 0xff, 0xff, 0x00, 0x00, 0x00, 0x00, 0xff, 0xff, 0xff, 0xff,
    0x00, 0x00, 0x00, 0x00, 0x44, 0x02, 0x00, 0x00, 0x30, 0x00, 0x00, 0x00,
    0x04, 0x00, 0x00, 0x00, 0x02, 0x00, 0x00, 0x00, 0x14, 0x02, 0x00, 0x00,
    0x00, 0x00, 0x00, 0x00, 0xff, 0xff, 0xff, 0xff, 0x00, 0x00, 0x00, 0x00,
    0xff, 0xff, 0xff, 0xff, 0x00, 0x00, 0x00, 0x00, 0x50, 0x02, 0x00, 0x00,
    0x34, 0x00, 0x00, 0x00, 0x0c, 0x00, 0x00, 0x00, 0x00, 0x00, 0x00, 0x00,
    0x5c, 0x02, 0x00, 0x00, 0x00, 0x00, 0x00, 0x00, 0xff, 0xff, 0xff, 0xff,
    0x00, 0x00, 0x00, 0x00, 0xff, 0xff, 0xff, 0xff, 0x00, 0x00, 0x00, 0x00,
    0x72, 0x65, 0x63, 0x74, 0x00, 0x66, 0x6c, 0x6f, 0x61, 0x74, 0x34, 0x00,
    0x01, 0x00, 0x03, 0x00, 0x01, 0x00, 0x04, 0x00, 0x00, 0x00, 0x00, 0x00,
    0x00, 0x00, 0x00, 0x00, 0x00, 0x00, 0x00, 0x00, 0x00, 0x00, 0x00, 0x00,
    0x00, 0x00, 0x00, 0x00, 0x00, 0x00, 0x00, 0x00, 0x9d, 0x01, 0x00, 0x00,
    0x63, 0x6f, 0x6c, 0x6f, 0x72, 0x00, 0x76, 0x69, 0x65, 0x77, 0x70, 0x6f,
    0x72, 0x74, 0x00, 0x66, 0x6c, 0x6f, 0x61, 0x74, 0x32, 0x00, 0xab, 0xab,
    0x01, 0x00, 0x03, 0x00, 0x01, 0x00, 0x02, 0x00, 0x00, 0x00, 0x00, 0x00,
    0x00, 0x00, 0x00, 0x00, 0x00, 0x00, 0x00, 0x00, 0x00, 0x00, 0x00, 0x00,
    0x00, 0x00, 0x00, 0x00, 0x00, 0x00, 0x00, 0x00, 0xd7, 0x01, 0x00, 0x00,
    0x73, 0x74, 0x72, 0x6f, 0x6b, 0x65, 0x5f, 0x77, 0x00, 0x66, 0x6c, 0x6f,
    0x61, 0x74, 0x00, 0xab, 0x00, 0x00, 0x03, 0x00, 0x01, 0x00, 0x01, 0x00,
    0x00, 0x00, 0x00, 0x00, 0x00, 0x00, 0x00, 0x00, 0x00, 0x00, 0x00, 0x00,
    0x00, 0x00, 0x00, 0x00, 0x00, 0x00, 0x00, 0x00, 0x00, 0x00, 0x00, 0x00,
    0x0d, 0x02, 0x00, 0x00, 0x73, 0x74, 0x61, 0x72, 0x74, 0x5f, 0x61, 0x6e,
    0x67, 0x6c, 0x65, 0x00, 0x73, 0x77, 0x65, 0x65, 0x70, 0x5f, 0x61, 0x6e,
    0x67, 0x6c, 0x65, 0x00, 0x5f, 0x70, 0x61, 0x64, 0x00, 0x66, 0x6c, 0x6f,
    0x61, 0x74, 0x33, 0x00, 0x01, 0x00, 0x03, 0x00, 0x01, 0x00, 0x03, 0x00,
    0x00, 0x00, 0x00, 0x00, 0x00, 0x00, 0x00, 0x00, 0x00, 0x00, 0x00, 0x00,
    0x00, 0x00, 0x00, 0x00, 0x00, 0x00, 0x00, 0x00, 0x00, 0x00, 0x00, 0x00,
    0x55, 0x02, 0x00, 0x00, 0x4d, 0x69, 0x63, 0x72, 0x6f, 0x73, 0x6f, 0x66,
    0x74, 0x20, 0x28, 0x52, 0x29, 0x20, 0x48, 0x4c, 0x53, 0x4c, 0x20, 0x53,
    0x68, 0x61, 0x64, 0x65, 0x72, 0x20, 0x43, 0x6f, 0x6d, 0x70, 0x69, 0x6c,
    0x65, 0x72, 0x20, 0x31, 0x30, 0x2e, 0x31, 0x00, 0x49, 0x53, 0x47, 0x4e,
    0x2c, 0x00, 0x00, 0x00, 0x01, 0x00, 0x00, 0x00, 0x08, 0x00, 0x00, 0x00,
    0x20, 0x00, 0x00, 0x00, 0x00, 0x00, 0x00, 0x00, 0x06, 0x00, 0x00, 0x00,
    0x01, 0x00, 0x00, 0x00, 0x00, 0x00, 0x00, 0x00, 0x01, 0x01, 0x00, 0x00,
    0x53, 0x56, 0x5f, 0x56, 0x65, 0x72, 0x74, 0x65, 0x78, 0x49, 0x44, 0x00,
    0x4f, 0x53, 0x47, 0x4e, 0xb4, 0x00, 0x00, 0x00, 0x06, 0x00, 0x00, 0x00,
    0x08, 0x00, 0x00, 0x00, 0x98, 0x00, 0x00, 0x00, 0x00, 0x00, 0x00, 0x00,
    0x01, 0x00, 0x00, 0x00, 0x03, 0x00, 0x00, 0x00, 0x00, 0x00, 0x00, 0x00,
    0x0f, 0x00, 0x00, 0x00, 0xa4, 0x00, 0x00, 0x00, 0x00, 0x00, 0x00, 0x00,
    0x00, 0x00, 0x00, 0x00, 0x03, 0x00, 0x00, 0x00, 0x01, 0x00, 0x00, 0x00,
    0x0f, 0x00, 0x00, 0x00, 0xaa, 0x00, 0x00, 0x00, 0x00, 0x00, 0x00, 0x00,
    0x00, 0x00, 0x00, 0x00, 0x03, 0x00, 0x00, 0x00, 0x02, 0x00, 0x00, 0x00,
    0x0f, 0x00, 0x00, 0x00, 0xaa, 0x00, 0x00, 0x00, 0x01, 0x00, 0x00, 0x00,
    0x00, 0x00, 0x00, 0x00, 0x03, 0x00, 0x00, 0x00, 0x03, 0x00, 0x00, 0x00,
    0x01, 0x0e, 0x00, 0x00, 0xaa, 0x00, 0x00, 0x00, 0x02, 0x00, 0x00, 0x00,
    0x00, 0x00, 0x00, 0x00, 0x03, 0x00, 0x00, 0x00, 0x03, 0x00, 0x00, 0x00,
    0x02, 0x0d, 0x00, 0x00, 0xaa, 0x00, 0x00, 0x00, 0x03, 0x00, 0x00, 0x00,
    0x00, 0x00, 0x00, 0x00, 0x03, 0x00, 0x00, 0x00, 0x03, 0x00, 0x00, 0x00,
    0x04, 0x0b, 0x00, 0x00, 0x53, 0x56, 0x5f, 0x50, 0x4f, 0x53, 0x49, 0x54,
    0x49, 0x4f, 0x4e, 0x00, 0x43, 0x4f, 0x4c, 0x4f, 0x52, 0x00, 0x54, 0x45,
    0x58, 0x43, 0x4f, 0x4f, 0x52, 0x44, 0x00, 0xab, 0x53, 0x48, 0x45, 0x58,
    0xec, 0x02, 0x00, 0x00, 0x50, 0x00, 0x01, 0x00, 0xbb, 0x00, 0x00, 0x00,
    0x6a, 0x08, 0x00, 0x01, 0x35, 0x18, 0x00, 0x00, 0x1a, 0x00, 0x00, 0x00,
    0x00, 0x00, 0x00, 0x00, 0x00, 0x00, 0x00, 0x00, 0x00, 0x00, 0x00, 0x00,
    0x00, 0x00, 0x00, 0x00, 0x00, 0x00, 0x80, 0x3f, 0x00, 0x00, 0x00, 0x00,
    0x00, 0x00, 0x00, 0x00, 0x00, 0x00, 0x00, 0x00, 0x00, 0x00, 0x00, 0x00,
    0x00, 0x00, 0x80, 0x3f, 0x00, 0x00, 0x00, 0x00, 0x00, 0x00, 0x00, 0x00,
    0x00, 0x00, 0x00, 0x00, 0x00, 0x00, 0x80, 0x3f, 0x00, 0x00, 0x00, 0x00,
    0x00, 0x00, 0x00, 0x00, 0x00, 0x00, 0x80, 0x3f, 0x00, 0x00, 0x00, 0x00,
    0x00, 0x00, 0x00, 0x00, 0x00, 0x00, 0x00, 0x00, 0x00, 0x00, 0x80, 0x3f,
    0x00, 0x00, 0x80, 0x3f, 0x00, 0x00, 0x00, 0x00, 0x00, 0x00, 0x00, 0x00,
    0x59, 0x00, 0x00, 0x04, 0x46, 0x8e, 0x20, 0x00, 0x00, 0x00, 0x00, 0x00,
    0x04, 0x00, 0x00, 0x00, 0x60, 0x00, 0x00, 0x04, 0x12, 0x10, 0x10, 0x00,
    0x00, 0x00, 0x00, 0x00, 0x06, 0x00, 0x00, 0x00, 0x67, 0x00, 0x00, 0x04,
    0xf2, 0x20, 0x10, 0x00, 0x00, 0x00, 0x00, 0x00, 0x01, 0x00, 0x00, 0x00,
    0x65, 0x00, 0x00, 0x03, 0xf2, 0x20, 0x10, 0x00, 0x01, 0x00, 0x00, 0x00,
    0x65, 0x00, 0x00, 0x03, 0xf2, 0x20, 0x10, 0x00, 0x02, 0x00, 0x00, 0x00,
    0x65, 0x00, 0x00, 0x03, 0x12, 0x20, 0x10, 0x00, 0x03, 0x00, 0x00, 0x00,
    0x65, 0x00, 0x00, 0x03, 0x22, 0x20, 0x10, 0x00, 0x03, 0x00, 0x00, 0x00,
    0x65, 0x00, 0x00, 0x03, 0x42, 0x20, 0x10, 0x00, 0x03, 0x00, 0x00, 0x00,
    0x68, 0x00, 0x00, 0x02, 0x02, 0x00, 0x00, 0x00, 0x31, 0x00, 0x00, 0x08,
    0x12, 0x00, 0x10, 0x00, 0x00, 0x00, 0x00, 0x00, 0x01, 0x40, 0x00, 0x00,
    0x00, 0x00, 0x00, 0x00, 0x2a, 0x80, 0x20, 0x00, 0x00, 0x00, 0x00, 0x00,
    0x02, 0x00, 0x00, 0x00, 0x32, 0x00, 0x00, 0x0a, 0x22, 0x00, 0x10, 0x00,
    0x00, 0x00, 0x00, 0x00, 0x2a, 0x80, 0x20, 0x00, 0x00, 0x00, 0x00, 0x00,
    0x02, 0x00, 0x00, 0x00, 0x01, 0x40, 0x00, 0x00, 0x00, 0x00, 0x00, 0x3f,
    0x01, 0x40, 0x00, 0x00, 0x00, 0x00, 0x00, 0x3f, 0x01, 0x00, 0x00, 0x07,
    0x12, 0x00, 0x10, 0x00, 0x00, 0x00, 0x00, 0x00, 0x1a, 0x00, 0x10, 0x00,
    0x00, 0x00, 0x00, 0x00, 0x0a, 0x00, 0x10, 0x00, 0x00, 0x00, 0x00, 0x00,
    0x00, 0x00, 0x00, 0x09, 0x62, 0x00, 0x10, 0x00, 0x00, 0x00, 0x00, 0x00,
    0x06, 0x00, 0x10, 0x80, 0x41, 0x00, 0x00, 0x00, 0x00, 0x00, 0x00, 0x00,
    0x06, 0x81, 0x20, 0x00, 0x00, 0x00, 0x00, 0x00, 0x00, 0x00, 0x00, 0x00,
    0x32, 0x00, 0x00, 0x0d, 0x92, 0x00, 0x10, 0x00, 0x00, 0x00, 0x00, 0x00,
    0x06, 0x00, 0x10, 0x00, 0x00, 0x00, 0x00, 0x00, 0x02, 0x40, 0x00, 0x00,
    0x00, 0x00, 0x00, 0x40, 0x00, 0x00, 0x00, 0x00, 0x00, 0x00, 0x00, 0x00,
    0x00, 0x00, 0x00, 0x40, 0xa6, 0x8e, 0x20, 0x00, 0x00, 0x00, 0x00, 0x00,
    0x00, 0x00, 0x00, 0x00, 0x36, 0x00, 0x00, 0x05, 0x12, 0x00, 0x10, 0x00,
    0x01, 0x00, 0x00, 0x00, 0x0a, 0x10, 0x10, 0x00, 0x00, 0x00, 0x00, 0x00,
    0x32, 0x00, 0x00, 0x0a, 0x32, 0x00, 0x10, 0x00, 0x00, 0x00, 0x00, 0x00,
    0x46, 0x90, 0x90, 0x00, 0x0a, 0x00, 0x10, 0x00, 0x01, 0x00, 0x00, 0x00,
    0xc6, 0x00, 0x10, 0x00, 0x00, 0x00, 0x00, 0x00, 0x96, 0x05, 0x10, 0x00,
    0x00, 0x00, 0x00, 0x00, 0x0e, 0x00, 0x00, 0x08, 0x32, 0x00, 0x10, 0x00,
    0x00, 0x00, 0x00, 0x00, 0x46, 0x00, 0x10, 0x00, 0x00, 0x00, 0x00, 0x00,
    0x46, 0x80, 0x20, 0x00, 0x00, 0x00, 0x00, 0x00, 0x02, 0x00, 0x00, 0x00,
    0x32, 0x00, 0x00, 0x0f, 0x32, 0x00, 0x10, 0x00, 0x00, 0x00, 0x00, 0x00,
    0x46, 0x00, 0x10, 0x00, 0x00, 0x00, 0x00, 0x00, 0x02, 0x40, 0x00, 0x00,
    0x00, 0x00, 0x00, 0x40, 0x00, 0x00, 0x00, 0x40, 0x00, 0x00, 0x00, 0x00,
    0x00, 0x00, 0x00, 0x00, 0x02, 0x40, 0x00, 0x00, 0x00, 0x00, 0x80, 0xbf,
    0x00, 0x00, 0x80, 0xbf, 0x00, 0x00, 0x00, 0x00, 0x00, 0x00, 0x00, 0x00,
    0x36, 0x00, 0x00, 0x06, 0x22, 0x20, 0x10, 0x00, 0x00, 0x00, 0x00, 0x00,
    0x1a, 0x00, 0x10, 0x80, 0x41, 0x00, 0x00, 0x00, 0x00, 0x00, 0x00, 0x00,
    0x36, 0x00, 0x00, 0x05, 0x12, 0x20, 0x10, 0x00, 0x00, 0x00, 0x00, 0x00,
    0x0a, 0x00, 0x10, 0x00, 0x00, 0x00, 0x00, 0x00, 0x36, 0x00, 0x00, 0x08,
    0xc2, 0x20, 0x10, 0x00, 0x00, 0x00, 0x00, 0x00, 0x02, 0x40, 0x00, 0x00,
    0x00, 0x00, 0x00, 0x00, 0x00, 0x00, 0x00, 0x00, 0x00, 0x00, 0x00, 0x00,
    0x00, 0x00, 0x80, 0x3f, 0x36, 0x00, 0x00, 0x06, 0xf2, 0x20, 0x10, 0x00,
    0x01, 0x00, 0x00, 0x00, 0x46, 0x8e, 0x20, 0x00, 0x00, 0x00, 0x00, 0x00,
    0x01, 0x00, 0x00, 0x00, 0x36, 0x00, 0x00, 0x06, 0xf2, 0x20, 0x10, 0x00,
    0x02, 0x00, 0x00, 0x00, 0x46, 0x8e, 0x20, 0x00, 0x00, 0x00, 0x00, 0x00,
    0x00, 0x00, 0x00, 0x00, 0x36, 0x00, 0x00, 0x06, 0x32, 0x20, 0x10, 0x00,
    0x03, 0x00, 0x00, 0x00, 0xe6, 0x8a, 0x20, 0x00, 0x00, 0x00, 0x00, 0x00,
    0x02, 0x00, 0x00, 0x00, 0x36, 0x00, 0x00, 0x06, 0x42, 0x20, 0x10, 0x00,
    0x03, 0x00, 0x00, 0x00, 0x0a, 0x80, 0x20, 0x00, 0x00, 0x00, 0x00, 0x00,
    0x03, 0x00, 0x00, 0x00, 0x3e, 0x00, 0x00, 0x01, 0x53, 0x54, 0x41, 0x54,
    0x94, 0x00, 0x00, 0x00, 0x11, 0x00, 0x00, 0x00, 0x02, 0x00, 0x00, 0x00,
    0x06, 0x00, 0x00, 0x00, 0x07, 0x00, 0x00, 0x00, 0x08, 0x00, 0x00, 0x00,
    0x00, 0x00, 0x00, 0x00, 0x01, 0x00, 0x00, 0x00, 0x01, 0x00, 0x00, 0x00,
    0x00, 0x00, 0x00, 0x00, 0x00, 0x00, 0x00, 0x00, 0x00, 0x00, 0x00, 0x00,
    0x00, 0x00, 0x00, 0x00, 0x00, 0x00, 0x00, 0x00, 0x00, 0x00, 0x00, 0x00,
    0x00, 0x00, 0x00, 0x00, 0x00, 0x00, 0x00, 0x00, 0x00, 0x00, 0x00, 0x00,
    0x00, 0x00, 0x00, 0x00, 0x00, 0x00, 0x00, 0x00, 0x07, 0x00, 0x00, 0x00,
    0x00, 0x00, 0x00, 0x00, 0x00, 0x00, 0x00, 0x00, 0x00, 0x00, 0x00, 0x00,
    0x00, 0x00, 0x00, 0x00, 0x00, 0x00, 0x00, 0x00, 0x00, 0x00, 0x00, 0x00,
    0x00, 0x00, 0x00, 0x00, 0x00, 0x00, 0x00, 0x00, 0x00, 0x00, 0x00, 0x00,
    0x00, 0x00, 0x00, 0x00, 0x00, 0x00, 0x00, 0x00, 0x00, 0x00, 0x00, 0x00,
    0x00, 0x00, 0x00, 0x00, 0x00, 0x00, 0x00, 0x00, 0x00, 0x00, 0x00, 0x00,
    0x00, 0x00, 0x00, 0x00, 0x00, 0x00, 0x00, 0x00,
};

static const unsigned int karc_vs_csoSize = 1892;

static const unsigned char karc_ps_cso[] = {
    0x44, 0x58, 0x42, 0x43, 0xf9, 0x88, 0x45, 0x64, 0xd8, 0x00, 0x17, 0xb0,
    0x78, 0x11, 0x50, 0x64, 0x31, 0x10, 0xfa, 0x67, 0x01, 0x00, 0x00, 0x00,
    0xf0, 0x07, 0x00, 0x00, 0x05, 0x00, 0x00, 0x00, 0x34, 0x00, 0x00, 0x00,
    0xa0, 0x00, 0x00, 0x00, 0x5c, 0x01, 0x00, 0x00, 0x90, 0x01, 0x00, 0x00,
    0x54, 0x07, 0x00, 0x00, 0x52, 0x44, 0x45, 0x46, 0x64, 0x00, 0x00, 0x00,
    0x00, 0x00, 0x00, 0x00, 0x00, 0x00, 0x00, 0x00, 0x00, 0x00, 0x00, 0x00,
    0x3c, 0x00, 0x00, 0x00, 0x00, 0x05, 0xff, 0xff, 0x00, 0x01, 0x00, 0x00,
    0x3c, 0x00, 0x00, 0x00, 0x52, 0x44, 0x31, 0x31, 0x3c, 0x00, 0x00, 0x00,
    0x18, 0x00, 0x00, 0x00, 0x20, 0x00, 0x00, 0x00, 0x28, 0x00, 0x00, 0x00,
    0x24, 0x00, 0x00, 0x00, 0x0c, 0x00, 0x00, 0x00, 0x00, 0x00, 0x00, 0x00,
    0x4d, 0x69, 0x63, 0x72, 0x6f, 0x73, 0x6f, 0x66, 0x74, 0x20, 0x28, 0x52,
    0x29, 0x20, 0x48, 0x4c, 0x53, 0x4c, 0x20, 0x53, 0x68, 0x61, 0x64, 0x65,
    0x72, 0x20, 0x43, 0x6f, 0x6d, 0x70, 0x69, 0x6c, 0x65, 0x72, 0x20, 0x31,
    0x30, 0x2e, 0x31, 0x00, 0x49, 0x53, 0x47, 0x4e, 0xb4, 0x00, 0x00, 0x00,
    0x06, 0x00, 0x00, 0x00, 0x08, 0x00, 0x00, 0x00, 0x98, 0x00, 0x00, 0x00,
    0x00, 0x00, 0x00, 0x00, 0x01, 0x00, 0x00, 0x00, 0x03, 0x00, 0x00, 0x00,
    0x00, 0x00, 0x00, 0x00, 0x0f, 0x03, 0x00, 0x00, 0xa4, 0x00, 0x00, 0x00,
    0x00, 0x00, 0x00, 0x00, 0x00, 0x00, 0x00, 0x00, 0x03, 0x00, 0x00, 0x00,
    0x01, 0x00, 0x00, 0x00, 0x0f, 0x0f, 0x00, 0x00, 0xaa, 0x00, 0x00, 0x00,
    0x00, 0x00, 0x00, 0x00, 0x00, 0x00, 0x00, 0x00, 0x03, 0x00, 0x00, 0x00,
    0x02, 0x00, 0x00, 0x00, 0x0f, 0x0f, 0x00, 0x00, 0xaa, 0x00, 0x00, 0x00,
    0x01, 0x00, 0x00, 0x00, 0x00, 0x00, 0x00, 0x00, 0x03, 0x00, 0x00, 0x00,
    0x03, 0x00, 0x00, 0x00, 0x01, 0x01, 0x00, 0x00, 0xaa, 0x00, 0x00, 0x00,
    0x02, 0x00, 0x00, 0x00, 0x00, 0x00, 0x00, 0x00, 0x03, 0x00, 0x00, 0x00,
    0x03, 0x00, 0x00, 0x00, 0x02, 0x02, 0x00, 0x00, 0xaa, 0x00, 0x00, 0x00,
    0x03, 0x00, 0x00, 0x00, 0x00, 0x00, 0x00, 0x00, 0x03, 0x00, 0x00, 0x00,
    0x03, 0x00, 0x00, 0x00, 0x04, 0x04, 0x00, 0x00, 0x53, 0x56, 0x5f, 0x50,
    0x4f, 0x53, 0x49, 0x54, 0x49, 0x4f, 0x4e, 0x00, 0x43, 0x4f, 0x4c, 0x4f,
    0x52, 0x00, 0x54, 0x45, 0x58, 0x43, 0x4f, 0x4f, 0x52, 0x44, 0x00, 0xab,
    0x4f, 0x53, 0x47, 0x4e, 0x2c, 0x00, 0x00, 0x00, 0x01, 0x00, 0x00, 0x00,
    0x08, 0x00, 0x00, 0x00, 0x20, 0x00, 0x00, 0x00, 0x00, 0x00, 0x00, 0x00,
    0x00, 0x00, 0x00, 0x00, 0x03, 0x00, 0x00, 0x00, 0x00, 0x00, 0x00, 0x00,
    0x0f, 0x00, 0x00, 0x00, 0x53, 0x56, 0x5f, 0x54, 0x41, 0x52, 0x47, 0x45,
    0x54, 0x00, 0xab, 0xab, 0x53, 0x48, 0x45, 0x58, 0xbc, 0x05, 0x00, 0x00,
    0x50, 0x00, 0x00, 0x00, 0x6f, 0x01, 0x00, 0x00, 0x6a, 0x08, 0x00, 0x01,
    0x64, 0x20, 0x00, 0x04, 0x32, 0x10, 0x10, 0x00, 0x00, 0x00, 0x00, 0x00,
    0x01, 0x00, 0x00, 0x00, 0x62, 0x10, 0x00, 0x03, 0xf2, 0x10, 0x10, 0x00,
    0x01, 0x00, 0x00, 0x00, 0x62, 0x10, 0x00, 0x03, 0xf2, 0x10, 0x10, 0x00,
    0x02, 0x00, 0x00, 0x00, 0x62, 0x10, 0x00, 0x03, 0x12, 0x10, 0x10, 0x00,
    0x03, 0x00, 0x00, 0x00, 0x62, 0x10, 0x00, 0x03, 0x22, 0x10, 0x10, 0x00,
    0x03, 0x00, 0x00, 0x00, 0x62, 0x10, 0x00, 0x03, 0x42, 0x10, 0x10, 0x00,
    0x03, 0x00, 0x00, 0x00, 0x65, 0x00, 0x00, 0x03, 0xf2, 0x20, 0x10, 0x00,
    0x00, 0x00, 0x00, 0x00, 0x68, 0x00, 0x00, 0x02, 0x03, 0x00, 0x00, 0x00,
    0x32, 0x00, 0x00, 0x09, 0x12, 0x00, 0x10, 0x00, 0x00, 0x00, 0x00, 0x00,
    0x2a, 0x10, 0x10, 0x00, 0x03, 0x00, 0x00, 0x00, 0x01, 0x40, 0x00, 0x00,
    0x00, 0x00, 0x00, 0x3f, 0x1a, 0x10, 0x10, 0x00, 0x03, 0x00, 0x00, 0x00,
    0x32, 0x00, 0x00, 0x0a, 0x22, 0x00, 0x10, 0x00, 0x00, 0x00, 0x00, 0x00,
    0x2a, 0x10, 0x10, 0x80, 0x81, 0x00, 0x00, 0x00, 0x03, 0x00, 0x00, 0x00,
    0x01, 0x40, 0x00, 0x00, 0x00, 0x00, 0x00, 0x3f, 0x0a, 0x00, 0x10, 0x00,
    0x00, 0x00, 0x00, 0x00, 0x4d, 0x00, 0x00, 0x07, 0x12, 0x00, 0x10, 0x00,
    0x01, 0x00, 0x00, 0x00, 0x12, 0x00, 0x10, 0x00, 0x02, 0x00, 0x00, 0x00,
    0x1a, 0x00, 0x10, 0x00, 0x00, 0x00, 0x00, 0x00, 0x36, 0x00, 0x00, 0x06,
    0x22, 0x00, 0x10, 0x00, 0x01, 0x00, 0x00, 0x00, 0x0a, 0x00, 0x10, 0x80,
    0x41, 0x00, 0x00, 0x00, 0x02, 0x00, 0x00, 0x00, 0x32, 0x00, 0x00, 0x0c,
    0x62, 0x00, 0x10, 0x00, 0x00, 0x00, 0x00, 0x00, 0xa6, 0x1b, 0x10, 0x00,
    0x02, 0x00, 0x00, 0x00, 0x02, 0x40, 0x00, 0x00, 0x00, 0x00, 0x00, 0x00,
    0x00, 0x00, 0x00, 0x3f, 0x00, 0x00, 0x00, 0x3f, 0x00, 0x00, 0x00, 0x00,
    0x06, 0x11, 0x10, 0x00, 0x02, 0x00, 0x00, 0x00, 0x00, 0x00, 0x00, 0x08,
    0x62, 0x00, 0x10, 0x00, 0x00, 0x00, 0x00, 0x00, 0x56, 0x06, 0x10, 0x80,
    0x41, 0x00, 0x00, 0x00, 0x00, 0x00, 0x00, 0x00, 0x06, 0x11, 0x10, 0x00,
    0x00, 0x00, 0x00, 0x00, 0x0f, 0x00, 0x00, 0x07, 0x82, 0x00, 0x10, 0x00,
    0x00, 0x00, 0x00, 0x00, 0x96, 0x05, 0x10, 0x00, 0x00, 0x00, 0x00, 0x00,
    0x46, 0x00, 0x10, 0x00, 0x01, 0x00, 0x00, 0x00, 0x32, 0x00, 0x00, 0x0a,
    0x12, 0x00, 0x10, 0x00, 0x01, 0x00, 0x00, 0x00, 0x2a, 0x10, 0x10, 0x80,
    0xc1, 0x00, 0x00, 0x00, 0x03, 0x00, 0x00, 0x00, 0x01, 0x40, 0x00, 0x00,
    0x00, 0x00, 0x00, 0x3f, 0x0a, 0x00, 0x10, 0x00, 0x00, 0x00, 0x00, 0x00,
    0x00, 0x00, 0x00, 0x07, 0x12, 0x00, 0x10, 0x00, 0x00, 0x00, 0x00, 0x00,
    0x0a, 0x00, 0x10, 0x00, 0x00, 0x00, 0x00, 0x00, 0x01, 0x40, 0x00, 0x00,
    0xdb, 0x0f, 0x49, 0x40, 0x4d, 0x00, 0x00, 0x07, 0x12, 0x00, 0x10, 0x00,
    0x02, 0x00, 0x00, 0x00, 0x00, 0xd0, 0x00, 0x00, 0x0a, 0x00, 0x10, 0x80,
    0x41, 0x00, 0x00, 0x00, 0x01, 0x00, 0x00, 0x00, 0x4d, 0x00, 0x00, 0x06,
    0x00, 0xd0, 0x00, 0x00, 0x22, 0x00, 0x10, 0x00, 0x02, 0x00, 0x00, 0x00,
    0x0a, 0x00, 0x10, 0x00, 0x01, 0x00, 0x00, 0x00, 0x0f, 0x00, 0x00, 0x07,
    0x12, 0x00, 0x10, 0x00, 0x01, 0x00, 0x00, 0x00, 0x96, 0x05, 0x10, 0x00,
    0x00, 0x00, 0x00, 0x00, 0x46, 0x00, 0x10, 0x00, 0x02, 0x00, 0x00, 0x00,
    0x34, 0x00, 0x00, 0x09, 0x82, 0x00, 0x10, 0x00, 0x00, 0x00, 0x00, 0x00,
    0x3a, 0x00, 0x10, 0x80, 0x41, 0x00, 0x00, 0x00, 0x00, 0x00, 0x00, 0x00,
    0x0a, 0x00, 0x10, 0x80, 0x41, 0x00, 0x00, 0x00, 0x01, 0x00, 0x00, 0x00,
    0x32, 0x00, 0x00, 0x0a, 0x12, 0x00, 0x10, 0x00, 0x01, 0x00, 0x00, 0x00,
    0x2a, 0x10, 0x10, 0x80, 0xc1, 0x00, 0x00, 0x00, 0x03, 0x00, 0x00, 0x00,
    0x01, 0x40, 0x00, 0x00, 0x00, 0x00, 0x00, 0x3f, 0x01, 0x40, 0x00, 0x00,
    0xdb, 0x0f, 0x49, 0x40, 0x00, 0x00, 0x00, 0x07, 0x22, 0x00, 0x10, 0x00,
    0x01, 0x00, 0x00, 0x00, 0x0a, 0x00, 0x10, 0x00, 0x00, 0x00, 0x00, 0x00,
    0x0a, 0x00, 0x10, 0x00, 0x01, 0x00, 0x00, 0x00, 0x00, 0x00, 0x00, 0x08,
    0x12, 0x00, 0x10, 0x00, 0x00, 0x00, 0x00, 0x00, 0x0a, 0x00, 0x10, 0x00,
    0x00, 0x00, 0x00, 0x00, 0x0a, 0x00, 0x10, 0x80, 0x41, 0x00, 0x00, 0x00,
    0x01, 0x00, 0x00, 0x00, 0x4d, 0x00, 0x00, 0x07, 0x12, 0x00, 0x10, 0x00,
    0x01, 0x00, 0x00, 0x00, 0x12, 0x00, 0x10, 0x00, 0x02, 0x00, 0x00, 0x00,
    0x1a, 0x00, 0x10, 0x00, 0x01, 0x00, 0x00, 0x00, 0x36, 0x00, 0x00, 0x06,
    0x22, 0x00, 0x10, 0x00, 0x01, 0x00, 0x00, 0x00, 0x0a, 0x00, 0x10, 0x80,
    0x41, 0x00, 0x00, 0x00, 0x02, 0x00, 0x00, 0x00, 0x0f, 0x00, 0x00, 0x07,
    0x12, 0x00, 0x10, 0x00, 0x01, 0x00, 0x00, 0x00, 0x96, 0x05, 0x10, 0x00,
    0x00, 0x00, 0x00, 0x00, 0x46, 0x00, 0x10, 0x00, 0x01, 0x00, 0x00, 0x00,
    0x4d, 0x00, 0x00, 0x07, 0x12, 0x00, 0x10, 0x00, 0x02, 0x00, 0x00, 0x00,
    0x00, 0xd0, 0x00, 0x00, 0x0a, 0x00, 0x10, 0x80, 0x41, 0x00, 0x00, 0x00,
    0x00, 0x00, 0x00, 0x00, 0x4d, 0x00, 0x00, 0x06, 0x00, 0xd0, 0x00, 0x00,
    0x22, 0x00, 0x10, 0x00, 0x02, 0x00, 0x00, 0x00, 0x0a, 0x00, 0x10, 0x00,
    0x00, 0x00, 0x00, 0x00, 0x0f, 0x00, 0x00, 0x07, 0x12, 0x00, 0x10, 0x00,
    0x00, 0x00, 0x00, 0x00, 0x96, 0x05, 0x10, 0x00, 0x00, 0x00, 0x00, 0x00,
    0x46, 0x00, 0x10, 0x00, 0x02, 0x00, 0x00, 0x00, 0x34, 0x00, 0x00, 0x09,
    0x12, 0x00, 0x10, 0x00, 0x00, 0x00, 0x00, 0x00, 0x0a, 0x00, 0x10, 0x80,
    0x41, 0x00, 0x00, 0x00, 0x01, 0x00, 0x00, 0x00, 0x0a, 0x00, 0x10, 0x80,
    0x41, 0x00, 0x00, 0x00, 0x00, 0x00, 0x00, 0x00, 0x1d, 0x00, 0x00, 0x08,
    0x12, 0x00, 0x10, 0x00, 0x01, 0x00, 0x00, 0x00, 0x01, 0x40, 0x00, 0x00,
    0xdb, 0x0f, 0x49, 0x40, 0x2a, 0x10, 0x10, 0x80, 0x81, 0x00, 0x00, 0x00,
    0x03, 0x00, 0x00, 0x00, 0x37, 0x00, 0x00, 0x0a, 0x12, 0x00, 0x10, 0x00,
    0x00, 0x00, 0x00, 0x00, 0x0a, 0x00, 0x10, 0x00, 0x01, 0x00, 0x00, 0x00,
    0x3a, 0x00, 0x10, 0x00, 0x00, 0x00, 0x00, 0x00, 0x0a, 0x00, 0x10, 0x80,
    0x41, 0x00, 0x00, 0x00, 0x00, 0x00, 0x00, 0x00, 0x38, 0x00, 0x00, 0x0a,
    0x32, 0x00, 0x10, 0x00, 0x01, 0x00, 0x00, 0x00, 0xe6, 0x1a, 0x10, 0x00,
    0x02, 0x00, 0x00, 0x00, 0x02, 0x40, 0x00, 0x00, 0x00, 0x00, 0x00, 0x3f,
    0x00, 0x00, 0x00, 0x3f, 0x00, 0x00, 0x00, 0x00, 0x00, 0x00, 0x00, 0x00,
    0x0e, 0x00, 0x00, 0x07, 0x62, 0x00, 0x10, 0x00, 0x00, 0x00, 0x00, 0x00,
    0x56, 0x06, 0x10, 0x00, 0x00, 0x00, 0x00, 0x00, 0x06, 0x01, 0x10, 0x00,
    0x01, 0x00, 0x00, 0x00, 0x33, 0x00, 0x00, 0x07, 0x82, 0x00, 0x10, 0x00,
    0x00, 0x00, 0x00, 0x00, 0x1a, 0x00, 0x10, 0x00, 0x01, 0x00, 0x00, 0x00,
    0x0a, 0x00, 0x10, 0x00, 0x01, 0x00, 0x00, 0x00, 0x0f, 0x00, 0x00, 0x07,
    0x22, 0x00, 0x10, 0x00, 0x00, 0x00, 0x00, 0x00, 0x96, 0x05, 0x10, 0x00,
    0x00, 0x00, 0x00, 0x00, 0x96, 0x05, 0x10, 0x00, 0x00, 0x00, 0x00, 0x00,
    0x4b, 0x00, 0x00, 0x05, 0x22, 0x00, 0x10, 0x00, 0x00, 0x00, 0x00, 0x00,
    0x1a, 0x00, 0x10, 0x00, 0x00, 0x00, 0x00, 0x00, 0x00, 0x00, 0x00, 0x07,
    0x22, 0x00, 0x10, 0x00, 0x00, 0x00, 0x00, 0x00, 0x1a, 0x00, 0x10, 0x00,
    0x00, 0x00, 0x00, 0x00, 0x01, 0x40, 0x00, 0x00, 0x00, 0x00, 0x80, 0xbf,
    0x32, 0x00, 0x00, 0x09, 0x42, 0x00, 0x10, 0x00, 0x00, 0x00, 0x00, 0x00,
    0x1a, 0x00, 0x10, 0x00, 0x00, 0x00, 0x00, 0x00, 0x3a, 0x00, 0x10, 0x00,
    0x00, 0x00, 0x00, 0x00, 0x0a, 0x10, 0x10, 0x00, 0x03, 0x00, 0x00, 0x00,
    0x38, 0x00, 0x00, 0x07, 0x22, 0x00, 0x10, 0x00, 0x00, 0x00, 0x00, 0x00,
    0x3a, 0x00, 0x10, 0x00, 0x00, 0x00, 0x00, 0x00, 0x1a, 0x00, 0x10, 0x00,
    0x00, 0x00, 0x00, 0x00, 0x34, 0x00, 0x00, 0x08, 0x42, 0x00, 0x10, 0x00,
    0x00, 0x00, 0x00, 0x00, 0x2a, 0x00, 0x10, 0x80, 0x41, 0x00, 0x00, 0x00,
    0x00, 0x00, 0x00, 0x00, 0x1a, 0x00, 0x10, 0x00, 0x00, 0x00, 0x00, 0x00,
    0x1d, 0x00, 0x00, 0x07, 0x82, 0x00, 0x10, 0x00, 0x00, 0x00, 0x00, 0x00,
    0x01, 0x40, 0x00, 0x00, 0x00, 0x00, 0x00, 0x00, 0x0a, 0x10, 0x10, 0x00,
    0x03, 0x00, 0x00, 0x00, 0x37, 0x00, 0x00, 0x09, 0x22, 0x00, 0x10, 0x00,
    0x00, 0x00, 0x00, 0x00, 0x3a, 0x00, 0x10, 0x00, 0x00, 0x00, 0x00, 0x00,
    0x1a, 0x00, 0x10, 0x00, 0x00, 0x00, 0x00, 0x00, 0x2a, 0x00, 0x10, 0x00,
    0x00, 0x00, 0x00, 0x00, 0x34, 0x00, 0x00, 0x07, 0x12, 0x00, 0x10, 0x00,
    0x00, 0x00, 0x00, 0x00, 0x0a, 0x00, 0x10, 0x00, 0x00, 0x00, 0x00, 0x00,
    0x1a, 0x00, 0x10, 0x00, 0x00, 0x00, 0x00, 0x00, 0x00, 0x20, 0x00, 0x07,
    0x12, 0x00, 0x10, 0x00, 0x00, 0x00, 0x00, 0x00, 0x0a, 0x00, 0x10, 0x00,
    0x00, 0x00, 0x00, 0x00, 0x01, 0x40, 0x00, 0x00, 0x00, 0x00, 0x00, 0x3f,
    0x32, 0x00, 0x00, 0x09, 0x22, 0x00, 0x10, 0x00, 0x00, 0x00, 0x00, 0x00,
    0x0a, 0x00, 0x10, 0x00, 0x00, 0x00, 0x00, 0x00, 0x01, 0x40, 0x00, 0x00,
    0x00, 0x00, 0x00, 0xc0, 0x01, 0x40, 0x00, 0x00, 0x00, 0x00, 0x40, 0x40,
    0x38, 0x00, 0x00, 0x07, 0x12, 0x00, 0x10, 0x00, 0x00, 0x00, 0x00, 0x00,
    0x0a, 0x00, 0x10, 0x00, 0x00, 0x00, 0x00, 0x00, 0x0a, 0x00, 0x10, 0x00,
    0x00, 0x00, 0x00, 0x00, 0x32, 0x00, 0x00, 0x0a, 0x12, 0x00, 0x10, 0x00,
    0x00, 0x00, 0x00, 0x00, 0x1a, 0x00, 0x10, 0x80, 0x41, 0x00, 0x00, 0x00,
    0x00, 0x00, 0x00, 0x00, 0x0a, 0x00, 0x10, 0x00, 0x00, 0x00, 0x00, 0x00,
    0x01, 0x40, 0x00, 0x00, 0x00, 0x00, 0x80, 0x3f, 0x38, 0x00, 0x00, 0x07,
    0x12, 0x00, 0x10, 0x00, 0x00, 0x00, 0x00, 0x00, 0x0a, 0x00, 0x10, 0x00,
    0x00, 0x00, 0x00, 0x00, 0x3a, 0x10, 0x10, 0x00, 0x01, 0x00, 0x00, 0x00,
    0x38, 0x00, 0x00, 0x07, 0x72, 0x20, 0x10, 0x00, 0x00, 0x00, 0x00, 0x00,
    0x06, 0x00, 0x10, 0x00, 0x00, 0x00, 0x00, 0x00, 0x46, 0x12, 0x10, 0x00,
    0x01, 0x00, 0x00, 0x00, 0x36, 0x00, 0x00, 0x05, 0x82, 0x20, 0x10, 0x00,
    0x00, 0x00, 0x00, 0x00, 0x0a, 0x00, 0x10, 0x00, 0x00, 0x00, 0x00, 0x00,
    0x3e, 0x00, 0x00, 0x01, 0x53, 0x54, 0x41, 0x54, 0x94, 0x00, 0x00, 0x00,
    0x2d, 0x00, 0x00, 0x00, 0x03, 0x00, 0x00, 0x00, 0x00, 0x00, 0x00, 0x00,
    0x07, 0x00, 0x00, 0x00, 0x27, 0x00, 0x00, 0x00, 0x00, 0x00, 0x00, 0x00,
    0x00, 0x00, 0x00, 0x00, 0x01, 0x00, 0x00, 0x00, 0x00, 0x00, 0x00, 0x00,
    0x00, 0x00, 0x00, 0x00, 0x00, 0x00, 0x00, 0x00, 0x00, 0x00, 0x00, 0x00,
    0x00, 0x00, 0x00, 0x00, 0x00, 0x00, 0x00, 0x00, 0x00, 0x00, 0x00, 0x00,
    0x00, 0x00, 0x00, 0x00, 0x00, 0x00, 0x00, 0x00, 0x00, 0x00, 0x00, 0x00,
    0x00, 0x00, 0x00, 0x00, 0x01, 0x00, 0x00, 0x00, 0x02, 0x00, 0x00, 0x00,
    0x00, 0x00, 0x00, 0x00, 0x00, 0x00, 0x00, 0x00, 0x00, 0x00, 0x00, 0x00,
    0x00, 0x00, 0x00, 0x00, 0x00, 0x00, 0x00, 0x00, 0x00, 0x00, 0x00, 0x00,
    0x00, 0x00, 0x00, 0x00, 0x00, 0x00, 0x00, 0x00, 0x00, 0x00, 0x00, 0x00,
    0x00, 0x00, 0x00, 0x00, 0x00, 0x00, 0x00, 0x00, 0x00, 0x00, 0x00, 0x00,
    0x00, 0x00, 0x00, 0x00, 0x00, 0x00, 0x00, 0x00, 0x00, 0x00, 0x00, 0x00,
    0x00, 0x00, 0x00, 0x00,
};

static const unsigned int karc_ps_csoSize = 2032;

static const unsigned char kline_vs_cso[] = {
    0x44, 0x58, 0x42, 0x43, 0x22, 0xf0, 0x04, 0x93, 0x18, 0x0a, 0x50, 0xda,
    0xac, 0x45, 0xcc, 0x66, 0x95, 0x22, 0x65, 0xab, 0x01, 0x00, 0x00, 0x00,
    0xdc, 0x08, 0x00, 0x00, 0x05, 0x00, 0x00, 0x00, 0x34, 0x00, 0x00, 0x00,
    0x84, 0x02, 0x00, 0x00, 0xb8, 0x02, 0x00, 0x00, 0x5c, 0x03, 0x00, 0x00,
    0x40, 0x08, 0x00, 0x00, 0x52, 0x44, 0x45, 0x46, 0x48, 0x02, 0x00, 0x00,
    0x01, 0x00, 0x00, 0x00, 0x6c, 0x00, 0x00, 0x00, 0x01, 0x00, 0x00, 0x00,
    0x3c, 0x00, 0x00, 0x00, 0x00, 0x05, 0xfe, 0xff, 0x00, 0x01, 0x00, 0x00,
    0x1d, 0x02, 0x00, 0x00, 0x52, 0x44, 0x31, 0x31, 0x3c, 0x00, 0x00, 0x00,
    0x18, 0x00, 0x00, 0x00, 0x20, 0x00, 0x00, 0x00, 0x28, 0x00, 0x00, 0x00,
    0x24, 0x00, 0x00, 0x00, 0x0c, 0x00, 0x00, 0x00, 0x00, 0x00, 0x00, 0x00,
    0x5c, 0x00, 0x00, 0x00, 0x00, 0x00, 0x00, 0x00, 0x00, 0x00, 0x00, 0x00,
    0x00, 0x00, 0x00, 0x00, 0x00, 0x00, 0x00, 0x00, 0x00, 0x00, 0x00, 0x00,
    0x01, 0x00, 0x00, 0x00, 0x01, 0x00, 0x00, 0x00, 0x4c, 0x69, 0x6e, 0x65,
    0x55, 0x6e, 0x69, 0x66, 0x6f, 0x72, 0x6d, 0x73, 0x00, 0xab, 0xab, 0xab,
    0x5c, 0x00, 0x00, 0x00, 0x06, 0x00, 0x00, 0x00, 0x84, 0x00, 0x00, 0x00,
    0x40, 0x00, 0x00, 0x00, 0x00, 0x00, 0x00, 0x00, 0x00, 0x00, 0x00, 0x00,
    0x74, 0x01, 0x00, 0x00, 0x00, 0x00, 0x00, 0x00, 0x10, 0x00, 0x00, 0x00,
    0x02, 0x00, 0x00, 0x00, 0x80, 0x01, 0x00, 0x00, 0x00, 0x00, 0x00, 0x00,
    0xff, 0xff, 0xff, 0xff, 0x00, 0x00, 0x00, 0x00, 0xff, 0xff, 0xff, 0xff,
    0x00, 0x00, 0x00, 0x00, 0xa4, 0x01, 0x00, 0x00, 0x10, 0x00, 0x00, 0x00,
    0x10, 0x00, 0x00, 0x00, 0x02, 0x00, 0x00, 0x00, 0x80, 0x01, 0x00, 0x00,
    0x00, 0x00, 0x00, 0x00, 0xff, 0xff, 0xff, 0xff, 0x00, 0x00, 0x00, 0x00,
    0xff, 0xff, 0xff, 0xff, 0x00, 0x00, 0x00, 0x00, 0xa7, 0x01, 0x00, 0x00,
    0x20, 0x00, 0x00, 0x00, 0x10, 0x00, 0x00, 0x00, 0x02, 0x00, 0x00, 0x00,
    0x80, 0x01, 0x00, 0x00, 0x00, 0x00, 0x00, 0x00, 0xff, 0xff, 0xff, 0xff,
    0x00, 0x00, 0x00, 0x00, 0xff, 0xff, 0xff, 0xff, 0x00, 0x00, 0x00, 0x00,
    0xad, 0x01, 0x00, 0x00, 0x30, 0x00, 0x00, 0x00, 0x08, 0x00, 0x00, 0x00,
    0x02, 0x00, 0x00, 0x00, 0xc0, 0x01, 0x00, 0x00, 0x00, 0x00, 0x00, 0x00,
    0xff, 0xff, 0xff, 0xff, 0x00, 0x00, 0x00, 0x00, 0xff, 0xff, 0xff, 0xff,
    0x00, 0x00, 0x00, 0x00, 0xe4, 0x01, 0x00, 0x00, 0x38, 0x00, 0x00, 0x00,
    0x04, 0x00, 0x00, 0x00, 0x02, 0x00, 0x00, 0x00, 0xf4, 0x01, 0x00, 0x00,
    0x00, 0x00, 0x00, 0x00, 0xff, 0xff, 0xff, 0xff, 0x00, 0x00, 0x00, 0x00,
    0xff, 0xff, 0xff, 0xff, 0x00, 0x00, 0x00, 0x00, 0x18, 0x02, 0x00, 0x00,
    0x3c, 0x00, 0x00, 0x00, 0x04, 0x00, 0x00, 0x00, 0x00, 0x00, 0x00, 0x00,
    0xf4, 0x01, 0x00, 0x00, 0x00, 0x00, 0x00, 0x00, 0xff, 0xff, 0xff, 0xff,
    0x00, 0x00, 0x00, 0x00, 0xff, 0xff, 0xff, 0xff, 0x00, 0x00, 0x00, 0x00,
    0x70, 0x31, 0x00, 0x66, 0x6c, 0x6f, 0x61, 0x74, 0x34, 0x00, 0xab, 0xab,
    0x01, 0x00, 0x03, 0x00, 0x01, 0x00, 0x04, 0x00, 0x00, 0x00, 0x00, 0x00,
    0x00, 0x00, 0x00, 0x00, 0x00, 0x00, 0x00, 0x00, 0x00, 0x00, 0x00, 0x00,
    0x00, 0x00, 0x00, 0x00, 0x00, 0x00, 0x00, 0x00, 0x77, 0x01, 0x00, 0x00,
    0x70, 0x32, 0x00, 0x63, 0x6f, 0x6c, 0x6f, 0x72, 0x00, 0x76, 0x69, 0x65,
    0x77, 0x70, 0x6f, 0x72, 0x74, 0x00, 0x66, 0x6c, 0x6f, 0x61, 0x74, 0x32,
    0x00, 0xab, 0xab, 0xab, 0x01, 0x00, 0x03, 0x00, 0x01, 0x00, 0x02, 0x00,
    0x00, 0x00, 0x00, 0x00, 0x00, 0x00, 0x00, 0x00, 0x00, 0x00, 0x00, 0x00,
    0x00, 0x00, 0x00, 0x00, 0x00, 0x00, 0x00, 0x00, 0x00, 0x00, 0x00, 0x00,
    0xb6, 0x01, 0x00, 0x00, 0x73, 0x74, 0x72, 0x6f, 0x6b, 0x65, 0x5f, 0x77,
    0x00, 0x66, 0x6c, 0x6f, 0x61, 0x74, 0x00, 0xab, 0x00, 0x00, 0x03, 0x00,
    0x01, 0x00, 0x01, 0x00, 0x00, 0x00, 0x00, 0x00, 0x00, 0x00, 0x00, 0x00,
    0x00, 0x00, 0x00, 0x00, 0x00, 0x00, 0x00, 0x00, 0x00, 0x00, 0x00, 0x00,
    0x00, 0x00, 0x00, 0x00, 0xed, 0x01, 0x00, 0x00, 0x5f, 0x70, 0x61, 0x64,
    0x00, 0x4d, 0x69, 0x63, 0x72, 0x6f, 0x73, 0x6f, 0x66, 0x74, 0x20, 0x28,
    0x52, 0x29, 0x20, 0x48, 0x4c, 0x53, 0x4c, 0x20, 0x53, 0x68, 0x61, 0x64,
    0x65, 0x72, 0x20, 0x43, 0x6f, 0x6d, 0x70, 0x69, 0x6c, 0x65, 0x72, 0x20,
    0x31, 0x30, 0x2e, 0x31, 0x00, 0xab, 0xab, 0xab, 0x49, 0x53, 0x47, 0x4e,
    0x2c, 0x00, 0x00, 0x00, 0x01, 0x00, 0x00, 0x00, 0x08, 0x00, 0x00, 0x00,
    0x20, 0x00, 0x00, 0x00, 0x00, 0x00, 0x00, 0x00, 0x06, 0x00, 0x00, 0x00,
    0x01, 0x00, 0x00, 0x00, 0x00, 0x00, 0x00, 0x00, 0x01, 0x01, 0x00, 0x00,
    0x53, 0x56, 0x5f, 0x56, 0x65, 0x72, 0x74, 0x65, 0x78, 0x49, 0x44, 0x00,
    0x4f, 0x53, 0x47, 0x4e, 0x9c, 0x00, 0x00, 0x00, 0x05, 0x00, 0x00, 0x00,
    0x08, 0x00, 0x00, 0x00, 0x80, 0x00, 0x00, 0x00, 0x00, 0x00, 0x00, 0x00,
    0x01, 0x00, 0x00, 0x00, 0x03, 0x00, 0x00, 0x00, 0x00, 0x00, 0x00, 0x00,
    0x0f, 0x00, 0x00, 0x00, 0x8c, 0x00, 0x00, 0x00, 0x00, 0x00, 0x00, 0x00,
    0x00, 0x00, 0x00, 0x00, 0x03, 0x00, 0x00, 0x00, 0x01, 0x00, 0x00, 0x00,
    0x0f, 0x00, 0x00, 0x00, 0x92, 0x00, 0x00, 0x00, 0x00, 0x00, 0x00, 0x00,
    0x00, 0x00, 0x00, 0x00, 0x03, 0x00, 0x00, 0x00, 0x02, 0x00, 0x00, 0x00,
    0x03, 0x0c, 0x00, 0x00, 0x92, 0x00, 0x00, 0x00, 0x01, 0x00, 0x00, 0x00,
    0x00, 0x00, 0x00, 0x00, 0x03, 0x00, 0x00, 0x00, 0x02, 0x00, 0x00, 0x00,
    0x0c, 0x03, 0x00, 0x00, 0x92, 0x00, 0x00, 0x00, 0x02, 0x00, 0x00, 0x00,
    0x00, 0x00, 0x00, 0x00, 0x03, 0x00, 0x00, 0x00, 0x03, 0x00, 0x00, 0x00,
    0x01, 0x0e, 0x00, 0x00, 0x53, 0x56, 0x5f, 0x50, 0x4f, 0x53, 0x49, 0x54,
    0x49, 0x4f, 0x4e, 0x00, 0x43, 0x4f, 0x4c, 0x4f, 0x52, 0x00, 0x54, 0x45,
    0x58, 0x43, 0x4f, 0x4f, 0x52, 0x44, 0x00, 0xab, 0x53, 0x48, 0x45, 0x58,
    0xdc, 0x04, 0x00, 0x00, 0x50, 0x00, 0x01, 0x00, 0x37, 0x01, 0x00, 0x00,
    0x6a, 0x08, 0x00, 0x01, 0x59, 0x00, 0x00, 0x04, 0x46, 0x8e, 0x20, 0x00,
    0x00, 0x00, 0x00, 0x00, 0x04, 0x00, 0x00, 0x00, 0x60, 0x00, 0x00, 0x04,
    0x12, 0x10, 0x10, 0x00, 0x00, 0x00, 0x00, 0x00, 0x06, 0x00, 0x00, 0x00,
    0x67, 0x00, 0x00, 0x04, 0xf2, 0x20, 0x10, 0x00, 0x00, 0x00, 0x00, 0x00,
    0x01, 0x00, 0x00, 0x00, 0x65, 0x00, 0x00, 0x03, 0xf2, 0x20, 0x10, 0x00,
    0x01, 0x00, 0x00, 0x00, 0x65, 0x00, 0x00, 0x03, 0x32, 0x20, 0x10, 0x00,
    0x02, 0x00, 0x00, 0x00, 0x65, 0x00, 0x00, 0x03, 0xc2, 0x20, 0x10, 0x00,
    0x02, 0x00, 0x00, 0x00, 0x65, 0x00, 0x00, 0x03, 0x12, 0x20, 0x10, 0x00,
    0x03, 0x00, 0x00, 0x00, 0x68, 0x00, 0x00, 0x02, 0x02, 0x00, 0x00, 0x00,
    0x69, 0x00, 0x00, 0x04, 0x00, 0x00, 0x00, 0x00, 0x06, 0x00, 0x00, 0x00,
    0x04, 0x00, 0x00, 0x00, 0x00, 0x00, 0x00, 0x0a, 0x32, 0x00, 0x10, 0x00,
    0x00, 0x00, 0x00, 0x00, 0x46, 0x80, 0x20, 0x80, 0x41, 0x00, 0x00, 0x00,
    0x00, 0x00, 0x00, 0x00, 0x00, 0x00, 0x00, 0x00, 0x46, 0x80, 0x20, 0x00,
    0x00, 0x00, 0x00, 0x00, 0x01, 0x00, 0x00, 0x00, 0x0f, 0x00, 0x00, 0x07,
    0x42, 0x00, 0x10, 0x00, 0x00, 0x00, 0x00, 0x00, 0x46, 0x00, 0x10, 0x00,
    0x00, 0x00, 0x00, 0x00, 0x46, 0x00, 0x10, 0x00, 0x00, 0x00, 0x00, 0x00,
    0x4b, 0x00, 0x00, 0x05, 0x42, 0x00, 0x10, 0x00, 0x00, 0x00, 0x00, 0x00,
    0x2a, 0x00, 0x10, 0x00, 0x00, 0x00, 0x00, 0x00, 0x0e, 0x00, 0x00, 0x07,
    0x32, 0x00, 0x10, 0x00, 0x00, 0x00, 0x00, 0x00, 0x46, 0x00, 0x10, 0x00,
    0x00, 0x00, 0x00, 0x00, 0xa6, 0x0a, 0x10, 0x00, 0x00, 0x00, 0x00, 0x00,
    0x31, 0x00, 0x00, 0x07, 0x42, 0x00, 0x10, 0x00, 0x00, 0x00, 0x00, 0x00,
    0x01, 0x40, 0x00, 0x00, 0x17, 0xb7, 0xd1, 0x38, 0x2a, 0x00, 0x10, 0x00,
    0x00, 0x00, 0x00, 0x00, 0x37, 0x00, 0x00, 0x0c, 0x32, 0x00, 0x10, 0x00,
    0x00, 0x00, 0x00, 0x00, 0xa6, 0x0a, 0x10, 0x00, 0x00, 0x00, 0x00, 0x00,
    0x46, 0x00, 0x10, 0x00, 0x00, 0x00, 0x00, 0x00, 0x02, 0x40, 0x00, 0x00,
    0x00, 0x00, 0x80, 0x3f, 0x00, 0x00, 0x00, 0x00, 0x00, 0x00, 0x00, 0x00,
    0x00, 0x00, 0x00, 0x00, 0x36, 0x00, 0x00, 0x06, 0x42, 0x00, 0x10, 0x00,
    0x00, 0x00, 0x00, 0x00, 0x1a, 0x00, 0x10, 0x80, 0x41, 0x00, 0x00, 0x00,
    0x00, 0x00, 0x00, 0x00, 0x32, 0x00, 0x00, 0x0a, 0x82, 0x00, 0x10, 0x00,
    0x00, 0x00, 0x00, 0x00, 0x2a, 0x80, 0x20, 0x00, 0x00, 0x00, 0x00, 0x00,
    0x03, 0x00, 0x00, 0x00, 0x01, 0x40, 0x00, 0x00, 0x00, 0x00, 0x00, 0x3f,
    0x01, 0x40, 0x00, 0x00, 0x00, 0x00, 0x00, 0x3f, 0x32, 0x00, 0x00, 0x0b,
    0x32, 0x00, 0x10, 0x00, 0x01, 0x00, 0x00, 0x00, 0x26, 0x0a, 0x10, 0x80,
    0x41, 0x00, 0x00, 0x00, 0x00, 0x00, 0x00, 0x00, 0xf6, 0x0f, 0x10, 0x00,
    0x00, 0x00, 0x00, 0x00, 0x46, 0x80, 0x20, 0x00, 0x00, 0x00, 0x00, 0x00,
    0x00, 0x00, 0x00, 0x00, 0x32, 0x00, 0x00, 0x0d, 0x32, 0x00, 0x10, 0x00,
    0x01, 0x00, 0x00, 0x00, 0x46, 0x00, 0x10, 0x80, 0x41, 0x00, 0x00, 0x00,
    0x00, 0x00, 0x00, 0x00, 0x02, 0x40, 0x00, 0x00, 0x00, 0x00, 0x00, 0x3f,
    0x00, 0x00, 0x00, 0x3f, 0x00, 0x00, 0x00, 0x00, 0x00, 0x00, 0x00, 0x00,
    0x46, 0x00, 0x10, 0x00, 0x01, 0x00, 0x00, 0x00, 0x36, 0x00, 0x00, 0x06,
    0x32, 0x30, 0x20, 0x00, 0x00, 0x00, 0x00, 0x00, 0x00, 0x00, 0x00, 0x00,
    0x46, 0x00, 0x10, 0x00, 0x01, 0x00, 0x00, 0x00, 0x32, 0x00, 0x00, 0x0a,
    0x32, 0x00, 0x10, 0x00, 0x01, 0x00, 0x00, 0x00, 0x26, 0x0a, 0x10, 0x00,
    0x00, 0x00, 0x00, 0x00, 0xf6, 0x0f, 0x10, 0x00, 0x00, 0x00, 0x00, 0x00,
    0x46, 0x80, 0x20, 0x00, 0x00, 0x00, 0x00, 0x00, 0x00, 0x00, 0x00, 0x00,
    0x32, 0x00, 0x00, 0x0d, 0x32, 0x00, 0x10, 0x00, 0x01, 0x00, 0x00, 0x00,
    0x46, 0x00, 0x10, 0x80, 0x41, 0x00, 0x00, 0x00, 0x00, 0x00, 0x00, 0x00,
    0x02, 0x40, 0x00, 0x00, 0x00, 0x00, 0x00, 0x3f, 0x00, 0x00, 0x00, 0x3f,
    0x00, 0x00, 0x00, 0x00, 0x00, 0x00, 0x00, 0x00, 0x46, 0x00, 0x10, 0x00,
    0x01, 0x00, 0x00, 0x00, 0x36, 0x00, 0x00, 0x06, 0x32, 0x30, 0x20, 0x00,
    0x00, 0x00, 0x00, 0x00, 0x01, 0x00, 0x00, 0x00, 0x46, 0x00, 0x10, 0x00,
    0x01, 0x00, 0x00, 0x00, 0x32, 0x00, 0x00, 0x0b, 0xc2, 0x00, 0x10, 0x00,
    0x01, 0x00, 0x00, 0x00, 0xa6, 0x02, 0x10, 0x80, 0x41, 0x00, 0x00, 0x00,
    0x00, 0x00, 0x00, 0x00, 0xf6, 0x0f, 0x10, 0x00, 0x00, 0x00, 0x00, 0x00,
    0x06, 0x84, 0x20, 0x00, 0x00, 0x00, 0x00, 0x00, 0x01, 0x00, 0x00, 0x00,
    0x32, 0x00, 0x00, 0x0a, 0xc2, 0x00, 0x10, 0x00, 0x00, 0x00, 0x00, 0x00,
    0xa6, 0x02, 0x10, 0x00, 0x00, 0x00, 0x00, 0x00, 0xf6, 0x0f, 0x10, 0x00,
    0x00, 0x00, 0x00, 0x00, 0x06, 0x84, 0x20, 0x00, 0x00, 0x00, 0x00, 0x00,
    0x01, 0x00, 0x00, 0x00, 0x32, 0x00, 0x00, 0x0c, 0xc2, 0x00, 0x10, 0x00,
    0x00, 0x00, 0x00, 0x00, 0x06, 0x04, 0x10, 0x00, 0x00, 0x00, 0x00, 0x00,
    0x02, 0x40, 0x00, 0x00, 0x00, 0x00, 0x00, 0x00, 0x00, 0x00, 0x00, 0x00,
    0x00, 0x00, 0x00, 0x3f, 0x00, 0x00, 0x00, 0x3f, 0xa6, 0x0e, 0x10, 0x00,
    0x00, 0x00, 0x00, 0x00, 0x32, 0x00, 0x00, 0x0c, 0x32, 0x00, 0x10, 0x00,
    0x00, 0x00, 0x00, 0x00, 0x46, 0x00, 0x10, 0x00, 0x00, 0x00, 0x00, 0x00,
    0x02, 0x40, 0x00, 0x00, 0x00, 0x00, 0x00, 0x3f, 0x00, 0x00, 0x00, 0x3f,
    0x00, 0x00, 0x00, 0x00, 0x00, 0x00, 0x00, 0x00, 0xe6, 0x0a, 0x10, 0x00,
    0x01, 0x00, 0x00, 0x00, 0x36, 0x00, 0x00, 0x06, 0x32, 0x30, 0x20, 0x00,
    0x00, 0x00, 0x00, 0x00, 0x02, 0x00, 0x00, 0x00, 0x46, 0x00, 0x10, 0x00,
    0x00, 0x00, 0x00, 0x00, 0x36, 0x00, 0x00, 0x06, 0x32, 0x30, 0x20, 0x00,
    0x00, 0x00, 0x00, 0x00, 0x03, 0x00, 0x00, 0x00, 0x46, 0x00, 0x10, 0x00,
    0x01, 0x00, 0x00, 0x00, 0x36, 0x00, 0x00, 0x06, 0x32, 0x30, 0x20, 0x00,
    0x00, 0x00, 0x00, 0x00, 0x04, 0x00, 0x00, 0x00, 0xe6, 0x0a, 0x10, 0x00,
    0x00, 0x00, 0x00, 0x00, 0x36, 0x00, 0x00, 0x06, 0x32, 0x30, 0x20, 0x00,
    0x00, 0x00, 0x00, 0x00, 0x05, 0x00, 0x00, 0x00, 0x46, 0x00, 0x10, 0x00,
    0x00, 0x00, 0x00, 0x00, 0x36, 0x00, 0x00, 0x05, 0x12, 0x00, 0x10, 0x00,
    0x00, 0x00, 0x00, 0x00, 0x0a, 0x10, 0x10, 0x00, 0x00, 0x00, 0x00, 0x00,
    0x36, 0x00, 0x00, 0x07, 0x32, 0x00, 0x10, 0x00, 0x00, 0x00, 0x00, 0x00,
    0x46, 0x30, 0x20, 0x04, 0x00, 0x00, 0x00, 0x00, 0x0a, 0x00, 0x10, 0x00,
    0x00, 0x00, 0x00, 0x00, 0x0e, 0x00, 0x00, 0x08, 0x32, 0x00, 0x10, 0x00,
    0x00, 0x00, 0x00, 0x00, 0x46, 0x00, 0x10, 0x00, 0x00, 0x00, 0x00, 0x00,
    0x46, 0x80, 0x20, 0x00, 0x00, 0x00, 0x00, 0x00, 0x03, 0x00, 0x00, 0x00,
    0x32, 0x00, 0x00, 0x0f, 0x32, 0x00, 0x10, 0x00, 0x00, 0x00, 0x00, 0x00,
    0x46, 0x00, 0x10, 0x00, 0x00, 0x00, 0x00, 0x00, 0x02, 0x40, 0x00, 0x00,
    0x00, 0x00, 0x00, 0x40, 0x00, 0x00, 0x00, 0x40, 0x00, 0x00, 0x00, 0x00,
    0x00, 0x00, 0x00, 0x00, 0x02, 0x40, 0x00, 0x00, 0x00, 0x00, 0x80, 0xbf,
    0x00, 0x00, 0x80, 0xbf, 0x00, 0x00, 0x00, 0x00, 0x00, 0x00, 0x00, 0x00,
    0x36, 0x00, 0x00, 0x06, 0x22, 0x20, 0x10, 0x00, 0x00, 0x00, 0x00, 0x00,
    0x1a, 0x00, 0x10, 0x80, 0x41, 0x00, 0x00, 0x00, 0x00, 0x00, 0x00, 0x00,
    0x36, 0x00, 0x00, 0x05, 0x12, 0x20, 0x10, 0x00, 0x00, 0x00, 0x00, 0x00,
    0x0a, 0x00, 0x10, 0x00, 0x00, 0x00, 0x00, 0x00, 0x36, 0x00, 0x00, 0x08,
    0xc2, 0x20, 0x10, 0x00, 0x00, 0x00, 0x00, 0x00, 0x02, 0x40, 0x00, 0x00,
    0x00, 0x00, 0x00, 0x00, 0x00, 0x00, 0x00, 0x00, 0x00, 0x00, 0x00, 0x00,
    0x00, 0x00, 0x80, 0x3f, 0x36, 0x00, 0x00, 0x06, 0xf2, 0x20, 0x10, 0x00,
    0x01, 0x00, 0x00, 0x00, 0x46, 0x8e, 0x20, 0x00, 0x00, 0x00, 0x00, 0x00,
    0x02, 0x00, 0x00, 0x00, 0x36, 0x00, 0x00, 0x06, 0x32, 0x20, 0x10, 0x00,
    0x02, 0x00, 0x00, 0x00, 0x46, 0x80, 0x20, 0x00, 0x00, 0x00, 0x00, 0x00,
    0x00, 0x00, 0x00, 0x00, 0x36, 0x00, 0x00, 0x06, 0xc2, 0x20, 0x10, 0x00,
    0x02, 0x00, 0x00, 0x00, 0x06, 0x84, 0x20, 0x00, 0x00, 0x00, 0x00, 0x00,
    0x01, 0x00, 0x00, 0x00, 0x38, 0x00, 0x00, 0x08, 0x12, 0x00, 0x10, 0x00,
    0x00, 0x00, 0x00, 0x00, 0x2a, 0x80, 0x20, 0x00, 0x00, 0x00, 0x00, 0x00,
    0x03, 0x00, 0x00, 0x00, 0x01, 0x40, 0x00, 0x00, 0x00, 0x00, 0x00, 0x3f,
    0x36, 0x00, 0x00, 0x05, 0x12, 0x20, 0x10, 0x00, 0x03, 0x00, 0x00, 0x00,
    0x0a, 0x00, 0x10, 0x00, 0x00, 0x00, 0x00, 0x00, 0x3e, 0x00, 0x00, 0x01,
    0x53, 0x54, 0x41, 0x54, 0x94, 0x00, 0x00, 0x00, 0x23, 0x00, 0x00, 0x00,
    0x02, 0x00, 0x00, 0x00, 0x00, 0x00, 0x00, 0x00, 0x06, 0x00, 0x00, 0x00,
    0x13, 0x00, 0x00, 0x00, 0x00, 0x00, 0x00, 0x00, 0x00, 0x00, 0x00, 0x00,
    0x01, 0x00, 0x00, 0x00, 0x00, 0x00, 0x00, 0x00, 0x00, 0x00, 0x00, 0x00,
    0x06, 0x00, 0x00, 0x00, 0x07, 0x00, 0x00, 0x00, 0x00, 0x00, 0x00, 0x00,
    0x00, 0x00, 0x00, 0x00, 0x00, 0x00, 0x00, 0x00, 0x00, 0x00, 0x00, 0x00,
    0x00, 0x00, 0x00, 0x00, 0x00, 0x00, 0x00, 0x00, 0x00, 0x00, 0x00, 0x00,
    0x07, 0x00, 0x00, 0x00, 0x01, 0x00, 0x00, 0x00, 0x00, 0x00, 0x00, 0x00,
    0x00, 0x00, 0x00, 0x00, 0x00, 0x00, 0x00, 0x00, 0x00, 0x00, 0x00, 0x00,
    0x00, 0x00, 0x00, 0x00, 0x00, 0x00, 0x00, 0x00, 0x00, 0x00, 0x00, 0x00,
    0x00, 0x00, 0x00, 0x00, 0x00, 0x00, 0x00, 0x00, 0x00, 0x00, 0x00, 0x00,
    0x00, 0x00, 0x00, 0x00, 0x00, 0x00, 0x00, 0x00, 0x00, 0x00, 0x00, 0x00,
    0x00, 0x00, 0x00, 0x00, 0x00, 0x00, 0x00, 0x00, 0x00, 0x00, 0x00, 0x00,
};

static const unsigned int kline_vs_csoSize = 2268;

static const unsigned char kline_ps_cso[] = {
    0x44, 0x58, 0x42, 0x43, 0xf4, 0xb5, 0xe3, 0x98, 0x35, 0xe1, 0xd6, 0xcc,
    0xda, 0x7c, 0xe2, 0x3f, 0xa8, 0x0b, 0x9e, 0x66, 0x01, 0x00, 0x00, 0x00,
    0xa4, 0x05, 0x00, 0x00, 0x05, 0x00, 0x00, 0x00, 0x34, 0x00, 0x00, 0x00,
    0xa0, 0x00, 0x00, 0x00, 0x44, 0x01, 0x00, 0x00, 0x78, 0x01, 0x00, 0x00,
    0x08, 0x05, 0x00, 0x00, 0x52, 0x44, 0x45, 0x46, 0x64, 0x00, 0x00, 0x00,
    0x00, 0x00, 0x00, 0x00, 0x00, 0x00, 0x00, 0x00, 0x00, 0x00, 0x00, 0x00,
    0x3c, 0x00, 0x00, 0x00, 0x00, 0x05, 0xff, 0xff, 0x00, 0x01, 0x00, 0x00,
    0x3c, 0x00, 0x00, 0x00, 0x52, 0x44, 0x31, 0x31, 0x3c, 0x00, 0x00, 0x00,
    0x18, 0x00, 0x00, 0x00, 0x20, 0x00, 0x00, 0x00, 0x28, 0x00, 0x00, 0x00,
    0x24, 0x00, 0x00, 0x00, 0x0c, 0x00, 0x00, 0x00, 0x00, 0x00, 0x00, 0x00,
    0x4d, 0x69, 0x63, 0x72, 0x6f, 0x73, 0x6f, 0x66, 0x74, 0x20, 0x28, 0x52,
    0x29, 0x20, 0x48, 0x4c, 0x53, 0x4c, 0x20, 0x53, 0x68, 0x61, 0x64, 0x65,
    0x72, 0x20, 0x43, 0x6f, 0x6d, 0x70, 0x69, 0x6c, 0x65, 0x72, 0x20, 0x31,
    0x30, 0x2e, 0x31, 0x00, 0x49, 0x53, 0x47, 0x4e, 0x9c, 0x00, 0x00, 0x00,
    0x05, 0x00, 0x00, 0x00, 0x08, 0x00, 0x00, 0x00, 0x80, 0x00, 0x00, 0x00,
    0x00, 0x00, 0x00, 0x00, 0x01, 0x00, 0x00, 0x00, 0x03, 0x00, 0x00, 0x00,
    0x00, 0x00, 0x00, 0x00, 0x0f, 0x03, 0x00, 0x00, 0x8c, 0x00, 0x00, 0x00,
    0x00, 0x00, 0x00, 0x00, 0x00, 0x00, 0x00, 0x00, 0x03, 0x00, 0x00, 0x00,
    0x01, 0x00, 0x00, 0x00, 0x0f, 0x0f, 0x00, 0x00, 0x92, 0x00, 0x00, 0x00,
    0x00, 0x00, 0x00, 0x00, 0x00, 0x00, 0x00, 0x00, 0x03, 0x00, 0x00, 0x00,
    0x02, 0x00, 0x00, 0x00, 0x03, 0x03, 0x00, 0x00, 0x92, 0x00, 0x00, 0x00,
    0x01, 0x00, 0x00, 0x00, 0x00, 0x00, 0x00, 0x00, 0x03, 0x00, 0x00, 0x00,
    0x02, 0x00, 0x00, 0x00, 0x0c, 0x0c, 0x00, 0x00, 0x92, 0x00, 0x00, 0x00,
    0x02, 0x00, 0x00, 0x00, 0x00, 0x00, 0x00, 0x00, 0x03, 0x00, 0x00, 0x00,
    0x03, 0x00, 0x00, 0x00, 0x01, 0x01, 0x00, 0x00, 0x53, 0x56, 0x5f, 0x50,
    0x4f, 0x53, 0x49, 0x54, 0x49, 0x4f, 0x4e, 0x00, 0x43, 0x4f, 0x4c, 0x4f,
    0x52, 0x00, 0x54, 0x45, 0x58, 0x43, 0x4f, 0x4f, 0x52, 0x44, 0x00, 0xab,
    0x4f, 0x53, 0x47, 0x4e, 0x2c, 0x00, 0x00, 0x00, 0x01, 0x00, 0x00, 0x00,
    0x08, 0x00, 0x00, 0x00, 0x20, 0x00, 0x00, 0x00, 0x00, 0x00, 0x00, 0x00,
    0x00, 0x00, 0x00, 0x00, 0x03, 0x00, 0x00, 0x00, 0x00, 0x00, 0x00, 0x00,
    0x0f, 0x00, 0x00, 0x00, 0x53, 0x56, 0x5f, 0x54, 0x41, 0x52, 0x47, 0x45,
    0x54, 0x00, 0xab, 0xab, 0x53, 0x48, 0x45, 0x58, 0x88, 0x03, 0x00, 0x00,
    0x50, 0x00, 0x00, 0x00, 0xe2, 0x00, 0x00, 0x00, 0x6a, 0x08, 0x00, 0x01,
    0x64, 0x20, 0x00, 0x04, 0x32, 0x10, 0x10, 0x00, 0x00, 0x00, 0x00, 0x00,
    0x01, 0x00, 0x00, 0x00, 0x62, 0x10, 0x00, 0x03, 0xf2, 0x10, 0x10, 0x00,
    0x01, 0x00, 0x00, 0x00, 0x62, 0x10, 0x00, 0x03, 0x32, 0x10, 0x10, 0x00,
    0x02, 0x00, 0x00, 0x00, 0x62, 0x10, 0x00, 0x03, 0xc2, 0x10, 0x10, 0x00,
    0x02, 0x00, 0x00, 0x00, 0x62, 0x10, 0x00, 0x03, 0x12, 0x10, 0x10, 0x00,
    0x03, 0x00, 0x00, 0x00, 0x65, 0x00, 0x00, 0x03, 0xf2, 0x20, 0x10, 0x00,
    0x00, 0x00, 0x00, 0x00, 0x68, 0x00, 0x00, 0x02, 0x02, 0x00, 0x00, 0x00,
    0x00, 0x00, 0x00, 0x08, 0x32, 0x00, 0x10, 0x00, 0x00, 0x00, 0x00, 0x00,
    0x46, 0x10, 0x10, 0x80, 0x41, 0x00, 0x00, 0x00, 0x02, 0x00, 0x00, 0x00,
    0xe6, 0x1a, 0x10, 0x00, 0x02, 0x00, 0x00, 0x00, 0x0f, 0x00, 0x00, 0x07,
    0x42, 0x00, 0x10, 0x00, 0x00, 0x00, 0x00, 0x00, 0x46, 0x00, 0x10, 0x00,
    0x00, 0x00, 0x00, 0x00, 0x46, 0x00, 0x10, 0x00, 0x00, 0x00, 0x00, 0x00,
    0x4b, 0x00, 0x00, 0x05, 0x42, 0x00, 0x10, 0x00, 0x00, 0x00, 0x00, 0x00,
    0x2a, 0x00, 0x10, 0x00, 0x00, 0x00, 0x00, 0x00, 0x0e, 0x00, 0x00, 0x07,
    0x32, 0x00, 0x10, 0x00, 0x00, 0x00, 0x00, 0x00, 0x46, 0x00, 0x10, 0x00,
    0x00, 0x00, 0x00, 0x00, 0xa6, 0x0a, 0x10, 0x00, 0x00, 0x00, 0x00, 0x00,
    0x31, 0x00, 0x00, 0x07, 0x82, 0x00, 0x10, 0x00, 0x00, 0x00, 0x00, 0x00,
    0x01, 0x40, 0x00, 0x00, 0x17, 0xb7, 0xd1, 0x38, 0x2a, 0x00, 0x10, 0x00,
    0x00, 0x00, 0x00, 0x00, 0x37, 0x00, 0x00, 0x0c, 0x32, 0x00, 0x10, 0x00,
    0x01, 0x00, 0x00, 0x00, 0xf6, 0x0f, 0x10, 0x00, 0x00, 0x00, 0x00, 0x00,
    0x46, 0x00, 0x10, 0x00, 0x00, 0x00, 0x00, 0x00, 0x02, 0x40, 0x00, 0x00,
    0x00, 0x00, 0x80, 0x3f, 0x00, 0x00, 0x00, 0x00, 0x00, 0x00, 0x00, 0x00,
    0x00, 0x00, 0x00, 0x00, 0x36, 0x00, 0x00, 0x06, 0x42, 0x00, 0x10, 0x00,
    0x01, 0x00, 0x00, 0x00, 0x1a, 0x00, 0x10, 0x80, 0x41, 0x00, 0x00, 0x00,
    0x01, 0x00, 0x00, 0x00, 0x00, 0x00, 0x00, 0x07, 0x32, 0x00, 0x10, 0x00,
    0x00, 0x00, 0x00, 0x00, 0xe6, 0x1a, 0x10, 0x00, 0x02, 0x00, 0x00, 0x00,
    0x46, 0x10, 0x10, 0x00, 0x02, 0x00, 0x00, 0x00, 0x32, 0x00, 0x00, 0x0d,
    0x32, 0x00, 0x10, 0x00, 0x00, 0x00, 0x00, 0x00, 0x46, 0x00, 0x10, 0x80,
    0x41, 0x00, 0x00, 0x00, 0x00, 0x00, 0x00, 0x00, 0x02, 0x40, 0x00, 0x00,
    0x00, 0x00, 0x00, 0x3f, 0x00, 0x00, 0x00, 0x3f, 0x00, 0x00, 0x00, 0x00,
    0x00, 0x00, 0x00, 0x00, 0x46, 0x10, 0x10, 0x00, 0x00, 0x00, 0x00, 0x00,
    0x0f, 0x00, 0x00, 0x07, 0x82, 0x00, 0x10, 0x00, 0x00, 0x00, 0x00, 0x00,
    0x16, 0x05, 0x10, 0x00, 0x00, 0x00, 0x00, 0x00, 0x86, 0x00, 0x10, 0x00,
    0x01, 0x00, 0x00, 0x00, 0x0f, 0x00, 0x00, 0x07, 0x12, 0x00, 0x10, 0x00,
    0x00, 0x00, 0x00, 0x00, 0x46, 0x00, 0x10, 0x00, 0x00, 0x00, 0x00, 0x00,
    0x46, 0x00, 0x10, 0x00, 0x01, 0x00, 0x00, 0x00, 0x32, 0x00, 0x00, 0x0b,
    0x12, 0x00, 0x10, 0x00, 0x00, 0x00, 0x00, 0x00, 0x2a, 0x00, 0x10, 0x80,
    0x41, 0x00, 0x00, 0x00, 0x00, 0x00, 0x00, 0x00, 0x01, 0x40, 0x00, 0x00,
    0x00, 0x00, 0x00, 0x3f, 0x0a, 0x00, 0x10, 0x80, 0x81, 0x00, 0x00, 0x00,
    0x00, 0x00, 0x00, 0x00, 0x00, 0x00, 0x00, 0x09, 0x22, 0x00, 0x10, 0x00,
    0x00, 0x00, 0x00, 0x00, 0x3a, 0x00, 0x10, 0x80, 0x81, 0x00, 0x00, 0x00,
    0x00, 0x00, 0x00, 0x00, 0x0a, 0x10, 0x10, 0x80, 0x41, 0x00, 0x00, 0x00,
    0x03, 0x00, 0x00, 0x00, 0x34, 0x00, 0x00, 0x0a, 0xc2, 0x00, 0x10, 0x00,
    0x00, 0x00, 0x00, 0x00, 0x06, 0x04, 0x10, 0x00, 0x00, 0x00, 0x00, 0x00,
    0x02, 0x40, 0x00, 0x00, 0x00, 0x00, 0x00, 0x00, 0x00, 0x00, 0x00, 0x00,
    0x00, 0x00, 0x00, 0x00, 0x00, 0x00, 0x00, 0x00, 0x34, 0x00, 0x00, 0x07,
    0x12, 0x00, 0x10, 0x00, 0x00, 0x00, 0x00, 0x00, 0x1a, 0x00, 0x10, 0x00,
    0x00, 0x00, 0x00, 0x00, 0x0a, 0x00, 0x10, 0x00, 0x00, 0x00, 0x00, 0x00,
    0x33, 0x00, 0x00, 0x07, 0x12, 0x00, 0x10, 0x00, 0x00, 0x00, 0x00, 0x00,
    0x0a, 0x00, 0x10, 0x00, 0x00, 0x00, 0x00, 0x00, 0x01, 0x40, 0x00, 0x00,
    0x00, 0x00, 0x00, 0x00, 0x0f, 0x00, 0x00, 0x07, 0x22, 0x00, 0x10, 0x00,
    0x00, 0x00, 0x00, 0x00, 0xe6, 0x0a, 0x10, 0x00, 0x00, 0x00, 0x00, 0x00,
    0xe6, 0x0a, 0x10, 0x00, 0x00, 0x00, 0x00, 0x00, 0x4b, 0x00, 0x00, 0x05,
    0x22, 0x00, 0x10, 0x00, 0x00, 0x00, 0x00, 0x00, 0x1a, 0x00, 0x10, 0x00,
    0x00, 0x00, 0x00, 0x00, 0x00, 0x00, 0x00, 0x07, 0x12, 0x00, 0x10, 0x00,
    0x00, 0x00, 0x00, 0x00, 0x0a, 0x00, 0x10, 0x00, 0x00, 0x00, 0x00, 0x00,
    0x1a, 0x00, 0x10, 0x00, 0x00, 0x00, 0x00, 0x00, 0x00, 0x20, 0x00, 0x07,
    0x12, 0x00, 0x10, 0x00, 0x00, 0x00, 0x00, 0x00, 0x0a, 0x00, 0x10, 0x00,
    0x00, 0x00, 0x00, 0x00, 0x01, 0x40, 0x00, 0x00, 0x00, 0x00, 0x00, 0x3f,
    0x32, 0x00, 0x00, 0x09, 0x22, 0x00, 0x10, 0x00, 0x00, 0x00, 0x00, 0x00,
    0x0a, 0x00, 0x10, 0x00, 0x00, 0x00, 0x00, 0x00, 0x01, 0x40, 0x00, 0x00,
    0x00, 0x00, 0x00, 0xc0, 0x01, 0x40, 0x00, 0x00, 0x00, 0x00, 0x40, 0x40,
    0x38, 0x00, 0x00, 0x07, 0x12, 0x00, 0x10, 0x00, 0x00, 0x00, 0x00, 0x00,
    0x0a, 0x00, 0x10, 0x00, 0x00, 0x00, 0x00, 0x00, 0x0a, 0x00, 0x10, 0x00,
    0x00, 0x00, 0x00, 0x00, 0x32, 0x00, 0x00, 0x0a, 0x12, 0x00, 0x10, 0x00,
    0x00, 0x00, 0x00, 0x00, 0x1a, 0x00, 0x10, 0x80, 0x41, 0x00, 0x00, 0x00,
    0x00, 0x00, 0x00, 0x00, 0x0a, 0x00, 0x10, 0x00, 0x00, 0x00, 0x00, 0x00,
    0x01, 0x40, 0x00, 0x00, 0x00, 0x00, 0x80, 0x3f, 0x38, 0x00, 0x00, 0x07,
    0x12, 0x00, 0x10, 0x00, 0x00, 0x00, 0x00, 0x00, 0x0a, 0x00, 0x10, 0x00,
    0x00, 0x00, 0x00, 0x00, 0x3a, 0x10, 0x10, 0x00, 0x01, 0x00, 0x00, 0x00,
    0x38, 0x00, 0x00, 0x07, 0x72, 0x20, 0x10, 0x00, 0x00, 0x00, 0x00, 0x00,
    0x06, 0x00, 0x10, 0x00, 0x00, 0x00, 0x00, 0x00, 0x46, 0x12, 0x10, 0x00,
    0x01, 0x00, 0x00, 0x00, 0x36, 0x00, 0x00, 0x05, 0x82, 0x20, 0x10, 0x00,
    0x00, 0x00, 0x00, 0x00, 0x0a, 0x00, 0x10, 0x00, 0x00, 0x00, 0x00, 0x00,
    0x3e, 0x00, 0x00, 0x01, 0x53, 0x54, 0x41, 0x54, 0x94, 0x00, 0x00, 0x00,
    0x1b, 0x00, 0x00, 0x00, 0x02, 0x00, 0x00, 0x00, 0x00, 0x00, 0x00, 0x00,
    0x06, 0x00, 0x00, 0x00, 0x18, 0x00, 0x00, 0x00, 0x00, 0x00, 0x00, 0x00,
    0x00, 0x00, 0x00, 0x00, 0x01, 0x00, 0x00, 0x00, 0x00, 0x00, 0x00, 0x00,
    0x00, 0x00, 0x00, 0x00, 0x00, 0x00, 0x00, 0x00, 0x00, 0x00, 0x00, 0x00,
    0x00, 0x00, 0x00, 0x00, 0x00, 0x00, 0x00, 0x00, 0x00, 0x00, 0x00, 0x00,
    0x00, 0x00, 0x00, 0x00, 0x00, 0x00, 0x00, 0x00, 0x00, 0x00, 0x00, 0x00,
    0x00, 0x00, 0x00, 0x00, 0x01, 0x00, 0x00, 0x00, 0x01, 0x00, 0x00, 0x00,
    0x00, 0x00, 0x00, 0x00, 0x00, 0x00, 0x00, 0x00, 0x00, 0x00, 0x00, 0x00,
    0x00, 0x00, 0x00, 0x00, 0x00, 0x00, 0x00, 0x00, 0x00, 0x00, 0x00, 0x00,
    0x00, 0x00, 0x00, 0x00, 0x00, 0x00, 0x00, 0x00, 0x00, 0x00, 0x00, 0x00,
    0x00, 0x00, 0x00, 0x00, 0x00, 0x00, 0x00, 0x00, 0x00, 0x00, 0x00, 0x00,
    0x00, 0x00, 0x00, 0x00, 0x00, 0x00, 0x00, 0x00, 0x00, 0x00, 0x00, 0x00,
    0x00, 0x00, 0x00, 0x00,
};

static const unsigned int kline_ps_csoSize = 1444;

static const unsigned char kblur_vs_cso[] = {
    0x44, 0x58, 0x42, 0x43, 0xd6, 0xb7, 0x45, 0x2e, 0xee, 0x13, 0x99, 0x58,
    0x8f, 0x7a, 0x87, 0xa7, 0x88, 0x3d, 0xa5, 0x39, 0x01, 0x00, 0x00, 0x00,
    0xb8, 0x06, 0x00, 0x00, 0x05, 0x00, 0x00, 0x00, 0x34, 0x00, 0x00, 0x00,
    0xc4, 0x02, 0x00, 0x00, 0xf8, 0x02, 0x00, 0x00, 0x98, 0x03, 0x00, 0x00,
    0x1c, 0x06, 0x00, 0x00, 0x52, 0x44, 0x45, 0x46, 0x88, 0x02, 0x00, 0x00,
    0x01, 0x00, 0x00, 0x00, 0x74, 0x00, 0x00, 0x00, 0x01, 0x00, 0x00, 0x00,
    0x3c, 0x00, 0x00, 0x00, 0x01, 0x05, 0xfe, 0xff, 0x00, 0x05, 0x00, 0x00,
    0x5d, 0x02, 0x00, 0x00, 0x13, 0x13, 0x44, 0x25, 0x3c, 0x00, 0x00, 0x00,
    0x18, 0x00, 0x00, 0x00, 0x28, 0x00, 0x00, 0x00, 0x28, 0x00, 0x00, 0x00,
    0x24, 0x00, 0x00, 0x00, 0x0c, 0x00, 0x00, 0x00, 0x00, 0x00, 0x00, 0x00,
    0x64, 0x00, 0x00, 0x00, 0x00, 0x00, 0x00, 0x00, 0x00, 0x00, 0x00, 0x00,
    0x00, 0x00, 0x00, 0x00, 0x00, 0x00, 0x00, 0x00, 0x00, 0x00, 0x00, 0x00,
    0x01, 0x00, 0x00, 0x00, 0x01, 0x00, 0x00, 0x00, 0x00, 0x00, 0x00, 0x00,
    0x00, 0x00, 0x00, 0x00, 0x42, 0x6c, 0x75, 0x72, 0x55, 0x6e, 0x69, 0x66,
    0x6f, 0x72, 0x6d, 0x73, 0x00, 0xab, 0xab, 0xab, 0x64, 0x00, 0x00, 0x00,
    0x07, 0x00, 0x00, 0x00, 0x8c, 0x00, 0x00, 0x00, 0x40, 0x00, 0x00, 0x00,
    0x00, 0x00, 0x00, 0x00, 0x00, 0x00, 0x00, 0x00, 0xa4, 0x01, 0x00, 0x00,
    0x00, 0x00, 0x00, 0x00, 0x10, 0x00, 0x00, 0x00, 0x02, 0x00, 0x00, 0x00,
    0xb4, 0x01, 0x00, 0x00, 0x00, 0x00, 0x00, 0x00, 0xff, 0xff, 0xff, 0xff,
    0x00, 0x00, 0x00, 0x00, 0xff, 0xff, 0xff, 0xff, 0x00, 0x00, 0x00, 0x00,
    0xd8, 0x01, 0x00, 0x00, 0x10, 0x00, 0x00, 0x00, 0x10, 0x00, 0x00, 0x00,
    0x02, 0x00, 0x00, 0x00, 0xb4, 0x01, 0x00, 0x00, 0x00, 0x00, 0x00, 0x00,
    0xff, 0xff, 0xff, 0xff, 0x00, 0x00, 0x00, 0x00, 0xff, 0xff, 0xff, 0xff,
    0x00, 0x00, 0x00, 0x00, 0xe0, 0x01, 0x00, 0x00, 0x20, 0x00, 0x00, 0x00,
    0x08, 0x00, 0x00, 0x00, 0x02, 0x00, 0x00, 0x00, 0xf0, 0x01, 0x00, 0x00,
    0x00, 0x00, 0x00, 0x00, 0xff, 0xff, 0xff, 0xff, 0x00, 0x00, 0x00, 0x00,
    0xff, 0xff, 0xff, 0xff, 0x00, 0x00, 0x00, 0x00, 0x14, 0x02, 0x00, 0x00,
    0x28, 0x00, 0x00, 0x00, 0x04, 0x00, 0x00, 0x00, 0x02, 0x00, 0x00, 0x00,
    0x20, 0x02, 0x00, 0x00, 0x00, 0x00, 0x00, 0x00, 0xff, 0xff, 0xff, 0xff,
    0x00, 0x00, 0x00, 0x00, 0xff, 0xff, 0xff, 0xff, 0x00, 0x00, 0x00, 0x00,
    0x44, 0x02, 0x00, 0x00, 0x2c, 0x00, 0x00, 0x00, 0x04, 0x00, 0x00, 0x00,
    0x02, 0x00, 0x00, 0x00, 0x20, 0x02, 0x00, 0x00, 0x00, 0x00, 0x00, 0x00,
    0xff, 0xff, 0xff, 0xff, 0x00, 0x00, 0x00, 0x00, 0xff, 0xff, 0xff, 0xff,
    0x00, 0x00, 0x00, 0x00, 0x4f, 0x02, 0x00, 0x00, 0x30, 0x00, 0x00, 0x00,
    0x08, 0x00, 0x00, 0x00, 0x02, 0x00, 0x00, 0x00, 0xf0, 0x01, 0x00, 0x00,
    0x00, 0x00, 0x00, 0x00, 0xff, 0xff, 0xff, 0xff, 0x00, 0x00, 0x00, 0x00,
    0xff, 0xff, 0xff, 0xff, 0x00, 0x00, 0x00, 0x00, 0x58, 0x02, 0x00, 0x00,
    0x38, 0x00, 0x00, 0x00, 0x08, 0x00, 0x00, 0x00, 0x00, 0x00, 0x00, 0x00,
    0xf0, 0x01, 0x00, 0x00, 0x00, 0x00, 0x00, 0x00, 0xff, 0xff, 0xff, 0xff,
    0x00, 0x00, 0x00, 0x00, 0xff, 0xff, 0xff, 0xff, 0x00, 0x00, 0x00, 0x00,
    0x64, 0x73, 0x74, 0x52, 0x65, 0x63, 0x74, 0x00, 0x66, 0x6c, 0x6f, 0x61,
    0x74, 0x34, 0x00, 0xab, 0x01, 0x00, 0x03, 0x00, 0x01, 0x00, 0x04, 0x00,
    0x00, 0x00, 0x00, 0x00, 0x00, 0x00, 0x00, 0x00, 0x00, 0x00, 0x00, 0x00,
    0x00, 0x00, 0x00, 0x00, 0x00, 0x00, 0x00, 0x00, 0x00, 0x00, 0x00, 0x00,
    0xac, 0x01, 0x00, 0x00, 0x73, 0x72, 0x63, 0x52, 0x65, 0x63, 0x74, 0x00,
    0x76, 0x69, 0x65, 0x77, 0x70, 0x6f, 0x72, 0x74, 0x00, 0x66, 0x6c, 0x6f,
    0x61, 0x74, 0x32, 0x00, 0x01, 0x00, 0x03, 0x00, 0x01, 0x00, 0x02, 0x00,
    0x00, 0x00, 0x00, 0x00, 0x00, 0x00, 0x00, 0x00, 0x00, 0x00, 0x00, 0x00,
    0x00, 0x00, 0x00, 0x00, 0x00, 0x00, 0x00, 0x00, 0x00, 0x00, 0x00, 0x00,
    0xe9, 0x01, 0x00, 0x00, 0x73, 0x69, 0x67, 0x6d, 0x61, 0x00, 0x66, 0x6c,
    0x6f, 0x61, 0x74, 0x00, 0x00, 0x00, 0x03, 0x00, 0x01, 0x00, 0x01, 0x00,
    0x00, 0x00, 0x00, 0x00, 0x00, 0x00, 0x00, 0x00, 0x00, 0x00, 0x00, 0x00,
    0x00, 0x00, 0x00, 0x00, 0x00, 0x00, 0x00, 0x00, 0x00, 0x00, 0x00, 0x00,
    0x1a, 0x02, 0x00, 0x00, 0x68, 0x6f, 0x72, 0x69, 0x7a, 0x6f, 0x6e, 0x74,
    0x61, 0x6c, 0x00, 0x74, 0x65, 0x78, 0x5f, 0x73, 0x69, 0x7a, 0x65, 0x00,
    0x5f, 0x70, 0x61, 0x64, 0x00, 0x4d, 0x69, 0x63, 0x72, 0x6f, 0x73, 0x6f,
    0x66, 0x74, 0x20, 0x28, 0x52, 0x29, 0x20, 0x48, 0x4c, 0x53, 0x4c, 0x20,
    0x53, 0x68, 0x61, 0x64, 0x65, 0x72, 0x20, 0x43, 0x6f, 0x6d, 0x70, 0x69,
    0x6c, 0x65, 0x72, 0x20, 0x31, 0x30, 0x2e, 0x31, 0x00, 0xab, 0xab, 0xab,
    0x49, 0x53, 0x47, 0x4e, 0x2c, 0x00, 0x00, 0x00, 0x01, 0x00, 0x00, 0x00,
    0x08, 0x00, 0x00, 0x00, 0x20, 0x00, 0x00, 0x00, 0x00, 0x00, 0x00, 0x00,
    0x06, 0x00, 0x00, 0x00, 0x01, 0x00, 0x00, 0x00, 0x00, 0x00, 0x00, 0x00,
    0x01, 0x01, 0x00, 0x00, 0x53, 0x56, 0x5f, 0x56, 0x65, 0x72, 0x74, 0x65,
    0x78, 0x49, 0x44, 0x00, 0x4f, 0x53, 0x47, 0x4e, 0x98, 0x00, 0x00, 0x00,
    0x05, 0x00, 0x00, 0x00, 0x08, 0x00, 0x00, 0x00, 0x80, 0x00, 0x00, 0x00,
    0x00, 0x00, 0x00, 0x00, 0x01, 0x00, 0x00, 0x00, 0x03, 0x00, 0x00, 0x00,
    0x00, 0x00, 0x00, 0x00, 0x0f, 0x00, 0x00, 0x00, 0x8c, 0x00, 0x00, 0x00,
    0x00, 0x00, 0x00, 0x00, 0x00, 0x00, 0x00, 0x00, 0x03, 0x00, 0x00, 0x00,
    0x01, 0x00, 0x00, 0x00, 0x03, 0x0c, 0x00, 0x00, 0x8c, 0x00, 0x00, 0x00,
    0x01, 0x00, 0x00, 0x00, 0x00, 0x00, 0x00, 0x00, 0x03, 0x00, 0x00, 0x00,
    0x01, 0x00, 0x00, 0x00, 0x04, 0x0b, 0x00, 0x00, 0x8c, 0x00, 0x00, 0x00,
    0x02, 0x00, 0x00, 0x00, 0x00, 0x00, 0x00, 0x00, 0x03, 0x00, 0x00, 0x00,
    0x01, 0x00, 0x00, 0x00, 0x08, 0x07, 0x00, 0x00, 0x8c, 0x00, 0x00, 0x00,
    0x03, 0x00, 0x00, 0x00, 0x00, 0x00, 0x00, 0x00, 0x03, 0x00, 0x00, 0x00,
    0x02, 0x00, 0x00, 0x00, 0x03, 0x0c, 0x00, 0x00, 0x53, 0x56, 0x5f, 0x50,
    0x4f, 0x53, 0x49, 0x54, 0x49, 0x4f, 0x4e, 0x00, 0x54, 0x45, 0x58, 0x43,
    0x4f, 0x4f, 0x52, 0x44, 0x00, 0xab, 0xab, 0xab, 0x53, 0x48, 0x45, 0x58,
    0x7c, 0x02, 0x00, 0x00, 0x51, 0x00, 0x01, 0x00, 0x9f, 0x00, 0x00, 0x00,
    0x6a, 0x08, 0x00, 0x01, 0x35, 0x18, 0x00, 0x00, 0x1a, 0x00, 0x00, 0x00,
    0x00, 0x00, 0x00, 0x00, 0x00, 0x00, 0x00, 0x00, 0x00, 0x00, 0x00, 0x00,
    0x00, 0x00, 0x00, 0x00, 0x00, 0x00, 0x80, 0x3f, 0x00, 0x00, 0x00, 0x00,
    0x00, 0x00, 0x00, 0x00, 0x00, 0x00, 0x00, 0x00, 0x00, 0x00, 0x00, 0x00,
    0x00, 0x00, 0x80, 0x3f, 0x00, 0x00, 0x00, 0x00, 0x00, 0x00, 0x00, 0x00,
    0x00, 0x00, 0x00, 0x00, 0x00, 0x00, 0x80, 0x3f, 0x00, 0x00, 0x00, 0x00,
    0x00, 0x00, 0x00, 0x00, 0x00, 0x00, 0x80, 0x3f, 0x00, 0x00, 0x00, 0x00,
    0x00, 0x00, 0x00, 0x00, 0x00, 0x00, 0x00, 0x00, 0x00, 0x00, 0x80, 0x3f,
    0x00, 0x00, 0x80, 0x3f, 0x00, 0x00, 0x00, 0x00, 0x00, 0x00, 0x00, 0x00,
    0x59, 0x00, 0x00, 0x07, 0x46, 0x8e, 0x30, 0x00, 0x00, 0x00, 0x00, 0x00,
    0x00, 0x00, 0x00, 0x00, 0x00, 0x00, 0x00, 0x00, 0x04, 0x00, 0x00, 0x00,
    0x00, 0x00, 0x00, 0x00, 0x60, 0x00, 0x00, 0x04, 0x12, 0x10, 0x10, 0x00,
    0x00, 0x00, 0x00, 0x00, 0x06, 0x00, 0x00, 0x00, 0x67, 0x00, 0x00, 0x04,
    0xf2, 0x20, 0x10, 0x00, 0x00, 0x00, 0x00, 0x00, 0x01, 0x00, 0x00, 0x00,
    0x65, 0x00, 0x00, 0x03, 0x32, 0x20, 0x10, 0x00, 0x01, 0x00, 0x00, 0x00,
    0x65, 0x00, 0x00, 0x03, 0x42, 0x20, 0x10, 0x00, 0x01, 0x00, 0x00, 0x00,
    0x65, 0x00, 0x00, 0x03, 0x82, 0x20, 0x10, 0x00, 0x01, 0x00, 0x00, 0x00,
    0x65, 0x00, 0x00, 0x03, 0x32, 0x20, 0x10, 0x00, 0x02, 0x00, 0x00, 0x00,
    0x68, 0x00, 0x00, 0x02, 0x01, 0x00, 0x00, 0x00, 0x36, 0x00, 0x00, 0x05,
    0x12, 0x00, 0x10, 0x00, 0x00, 0x00, 0x00, 0x00, 0x0a, 0x10, 0x10, 0x00,
    0x00, 0x00, 0x00, 0x00, 0x32, 0x00, 0x00, 0x0e, 0x62, 0x00, 0x10, 0x00,
    0x00, 0x00, 0x00, 0x00, 0x06, 0x91, 0x90, 0x00, 0x0a, 0x00, 0x10, 0x00,
    0x00, 0x00, 0x00, 0x00, 0xa6, 0x8b, 0x30, 0x00, 0x00, 0x00, 0x00, 0x00,
    0x00, 0x00, 0x00, 0x00, 0x00, 0x00, 0x00, 0x00, 0x06, 0x81, 0x30, 0x00,
    0x00, 0x00, 0x00, 0x00, 0x00, 0x00, 0x00, 0x00, 0x00, 0x00, 0x00, 0x00,
    0x0e, 0x00, 0x00, 0x09, 0x62, 0x00, 0x10, 0x00, 0x00, 0x00, 0x00, 0x00,
    0x56, 0x06, 0x10, 0x00, 0x00, 0x00, 0x00, 0x00, 0x06, 0x81, 0x30, 0x00,
    0x00, 0x00, 0x00, 0x00, 0x00, 0x00, 0x00, 0x00, 0x02, 0x00, 0x00, 0x00,
    0x32, 0x00, 0x00, 0x0f, 0x62, 0x00, 0x10, 0x00, 0x00, 0x00, 0x00, 0x00,
    0x56, 0x06, 0x10, 0x00, 0x00, 0x00, 0x00, 0x00, 0x02, 0x40, 0x00, 0x00,
    0x00, 0x00, 0x00, 0x00, 0x00, 0x00, 0x00, 0x40, 0x00, 0x00, 0x00, 0x40,
    0x00, 0x00, 0x00, 0x00, 0x02, 0x40, 0x00, 0x00, 0x00, 0x00, 0x00, 0x00,
    0x00, 0x00, 0x80, 0xbf, 0x00, 0x00, 0x80, 0xbf, 0x00, 0x00, 0x00, 0x00,
    0x36, 0x00, 0x00, 0x06, 0x22, 0x20, 0x10, 0x00, 0x00, 0x00, 0x00, 0x00,
    0x2a, 0x00, 0x10, 0x80, 0x41, 0x00, 0x00, 0x00, 0x00, 0x00, 0x00, 0x00,
    0x00, 0x00, 0x00, 0x0c, 0xc2, 0x00, 0x10, 0x00, 0x00, 0x00, 0x00, 0x00,
    0x06, 0x84, 0x30, 0x80, 0x41, 0x00, 0x00, 0x00, 0x00, 0x00, 0x00, 0x00,
    0x00, 0x00, 0x00, 0x00, 0x01, 0x00, 0x00, 0x00, 0xa6, 0x8e, 0x30, 0x00,
    0x00, 0x00, 0x00, 0x00, 0x00, 0x00, 0x00, 0x00, 0x01, 0x00, 0x00, 0x00,
    0x32, 0x00, 0x00, 0x0c, 0x32, 0x20, 0x10, 0x00, 0x01, 0x00, 0x00, 0x00,
    0x46, 0x90, 0x90, 0x00, 0x0a, 0x00, 0x10, 0x00, 0x00, 0x00, 0x00, 0x00,
    0xe6, 0x0a, 0x10, 0x00, 0x00, 0x00, 0x00, 0x00, 0x46, 0x80, 0x30, 0x00,
    0x00, 0x00, 0x00, 0x00, 0x00, 0x00, 0x00, 0x00, 0x01, 0x00, 0x00, 0x00,
    0x36, 0x00, 0x00, 0x05, 0x12, 0x20, 0x10, 0x00, 0x00, 0x00, 0x00, 0x00,
    0x1a, 0x00, 0x10, 0x00, 0x00, 0x00, 0x00, 0x00, 0x36, 0x00, 0x00, 0x08,
    0xc2, 0x20, 0x10, 0x00, 0x00, 0x00, 0x00, 0x00, 0x02, 0x40, 0x00, 0x00,
    0x00, 0x00, 0x00, 0x00, 0x00, 0x00, 0x00, 0x00, 0x00, 0x00, 0x00, 0x00,
    0x00, 0x00, 0x80, 0x3f, 0x36, 0x00, 0x00, 0x07, 0xc2, 0x20, 0x10, 0x00,
    0x01, 0x00, 0x00, 0x00, 0xa6, 0x8e, 0x30, 0x00, 0x00, 0x00, 0x00, 0x00,
    0x00, 0x00, 0x00, 0x00, 0x02, 0x00, 0x00, 0x00, 0x36, 0x00, 0x00, 0x07,
    0x32, 0x20, 0x10, 0x00, 0x02, 0x00, 0x00, 0x00, 0x46, 0x80, 0x30, 0x00,
    0x00, 0x00, 0x00, 0x00, 0x00, 0x00, 0x00, 0x00, 0x03, 0x00, 0x00, 0x00,
    0x3e, 0x00, 0x00, 0x01, 0x53, 0x54, 0x41, 0x54, 0x94, 0x00, 0x00, 0x00,
    0x0c, 0x00, 0x00, 0x00, 0x01, 0x00, 0x00, 0x00, 0x06, 0x00, 0x00, 0x00,
    0x06, 0x00, 0x00, 0x00, 0x06, 0x00, 0x00, 0x00, 0x00, 0x00, 0x00, 0x00,
    0x00, 0x00, 0x00, 0x00, 0x01, 0x00, 0x00, 0x00, 0x00, 0x00, 0x00, 0x00,
    0x00, 0x00, 0x00, 0x00, 0x00, 0x00, 0x00, 0x00, 0x00, 0x00, 0x00, 0x00,
    0x00, 0x00, 0x00, 0x00, 0x00, 0x00, 0x00, 0x00, 0x00, 0x00, 0x00, 0x00,
    0x00, 0x00, 0x00, 0x00, 0x00, 0x00, 0x00, 0x00, 0x00, 0x00, 0x00, 0x00,
    0x00, 0x00, 0x00, 0x00, 0x05, 0x00, 0x00, 0x00, 0x00, 0x00, 0x00, 0x00,
    0x00, 0x00, 0x00, 0x00, 0x00, 0x00, 0x00, 0x00, 0x00, 0x00, 0x00, 0x00,
    0x00, 0x00, 0x00, 0x00, 0x00, 0x00, 0x00, 0x00, 0x00, 0x00, 0x00, 0x00,
    0x00, 0x00, 0x00, 0x00, 0x00, 0x00, 0x00, 0x00, 0x00, 0x00, 0x00, 0x00,
    0x00, 0x00, 0x00, 0x00, 0x00, 0x00, 0x00, 0x00, 0x00, 0x00, 0x00, 0x00,
    0x00, 0x00, 0x00, 0x00, 0x00, 0x00, 0x00, 0x00, 0x00, 0x00, 0x00, 0x00,
    0x00, 0x00, 0x00, 0x00,
};

static const unsigned int kblur_vs_csoSize = 1720;

static const unsigned char kblur_ps_cso[] = {
    0x44, 0x58, 0x42, 0x43, 0xb1, 0x1c, 0xb4, 0x68, 0xd3, 0x64, 0xdd, 0xdf,
    0x64, 0xe0, 0x6a, 0xa5, 0x93, 0x59, 0xac, 0xa2, 0x01, 0x00, 0x00, 0x00,
    0xcc, 0x05, 0x00, 0x00, 0x05, 0x00, 0x00, 0x00, 0x34, 0x00, 0x00, 0x00,
    0xfc, 0x00, 0x00, 0x00, 0x9c, 0x01, 0x00, 0x00, 0xd0, 0x01, 0x00, 0x00,
    0x30, 0x05, 0x00, 0x00, 0x52, 0x44, 0x45, 0x46, 0xc0, 0x00, 0x00, 0x00,
    0x00, 0x00, 0x00, 0x00, 0x00, 0x00, 0x00, 0x00, 0x02, 0x00, 0x00, 0x00,
    0x3c, 0x00, 0x00, 0x00, 0x01, 0x05, 0xff, 0xff, 0x00, 0x05, 0x00, 0x00,
    0x96, 0x00, 0x00, 0x00, 0x13, 0x13, 0x44, 0x25, 0x3c, 0x00, 0x00, 0x00,
    0x18, 0x00, 0x00, 0x00, 0x28, 0x00, 0x00, 0x00, 0x28, 0x00, 0x00, 0x00,
    0x24, 0x00, 0x00, 0x00, 0x0c, 0x00, 0x00, 0x00, 0x00, 0x00, 0x00, 0x00,
    0x8c, 0x00, 0x00, 0x00, 0x03, 0x00, 0x00, 0x00, 0x00, 0x00, 0x00, 0x00,
    0x00, 0x00, 0x00, 0x00, 0x00, 0x00, 0x00, 0x00, 0x01, 0x00, 0x00, 0x00,
    0x01, 0x00, 0x00, 0x00, 0x00, 0x00, 0x00, 0x00, 0x01, 0x00, 0x00, 0x00,
    0x00, 0x00, 0x00, 0x00, 0x91, 0x00, 0x00, 0x00, 0x02, 0x00, 0x00, 0x00,
    0x05, 0x00, 0x00, 0x00, 0x04, 0x00, 0x00, 0x00, 0xff, 0xff, 0xff, 0xff,
    0x00, 0x00, 0x00, 0x00, 0x01, 0x00, 0x00, 0x00, 0x0c, 0x00, 0x00, 0x00,
    0x01, 0x00, 0x00, 0x00, 0x00, 0x00, 0x00, 0x00, 0x67, 0x53, 0x6d, 0x70,
    0x00, 0x67, 0x54, 0x65, 0x78, 0x00, 0x4d, 0x69, 0x63, 0x72, 0x6f, 0x73,
    0x6f, 0x66, 0x74, 0x20, 0x28, 0x52, 0x29, 0x20, 0x48, 0x4c, 0x53, 0x4c,
    0x20, 0x53, 0x68, 0x61, 0x64, 0x65, 0x72, 0x20, 0x43, 0x6f, 0x6d, 0x70,
    0x69, 0x6c, 0x65, 0x72, 0x20, 0x31, 0x30, 0x2e, 0x31, 0x00, 0xab, 0xab,
    0x49, 0x53, 0x47, 0x4e, 0x98, 0x00, 0x00, 0x00, 0x05, 0x00, 0x00, 0x00,
    0x08, 0x00, 0x00, 0x00, 0x80, 0x00, 0x00, 0x00, 0x00, 0x00, 0x00, 0x00,
    0x01, 0x00, 0x00, 0x00, 0x03, 0x00, 0x00, 0x00, 0x00, 0x00, 0x00, 0x00,
    0x0f, 0x00, 0x00, 0x00, 0x8c, 0x00, 0x00, 0x00, 0x00, 0x00, 0x00, 0x00,
    0x00, 0x00, 0x00, 0x00, 0x03, 0x00, 0x00, 0x00, 0x01, 0x00, 0x00, 0x00,
    0x03, 0x03, 0x00, 0x00, 0x8c, 0x00, 0x00, 0x00, 0x01, 0x00, 0x00, 0x00,
    0x00, 0x00, 0x00, 0x00, 0x03, 0x00, 0x00, 0x00, 0x01, 0x00, 0x00, 0x00,
    0x04, 0x04, 0x00, 0x00, 0x8c, 0x00, 0x00, 0x00, 0x02, 0x00, 0x00, 0x00,
    0x00, 0x00, 0x00, 0x00, 0x03, 0x00, 0x00, 0x00, 0x01, 0x00, 0x00, 0x00,
    0x08, 0x08, 0x00, 0x00, 0x8c, 0x00, 0x00, 0x00, 0x03, 0x00, 0x00, 0x00,
    0x00, 0x00, 0x00, 0x00, 0x03, 0x00, 0x00, 0x00, 0x02, 0x00, 0x00, 0x00,
    0x03, 0x03, 0x00, 0x00, 0x53, 0x56, 0x5f, 0x50, 0x4f, 0x53, 0x49, 0x54,
    0x49, 0x4f, 0x4e, 0x00, 0x54, 0x45, 0x58, 0x43, 0x4f, 0x4f, 0x52, 0x44,
    0x00, 0xab, 0xab, 0xab, 0x4f, 0x53, 0x47, 0x4e, 0x2c, 0x00, 0x00, 0x00,
    0x01, 0x00, 0x00, 0x00, 0x08, 0x00, 0x00, 0x00, 0x20, 0x00, 0x00, 0x00,
    0x00, 0x00, 0x00, 0x00, 0x00, 0x00, 0x00, 0x00, 0x03, 0x00, 0x00, 0x00,
    0x00, 0x00, 0x00, 0x00, 0x0f, 0x00, 0x00, 0x00, 0x53, 0x56, 0x5f, 0x54,
    0x41, 0x52, 0x47, 0x45, 0x54, 0x00, 0xab, 0xab, 0x53, 0x48, 0x45, 0x58,
    0x58, 0x03, 0x00, 0x00, 0x51, 0x00, 0x00, 0x00, 0xd6, 0x00, 0x00, 0x00,
    0x6a, 0x08, 0x00, 0x01, 0x5a, 0x00, 0x00, 0x06, 0x46, 0x6e, 0x30, 0x00,
    0x00, 0x00, 0x00, 0x00, 0x01, 0x00, 0x00, 0x00, 0x01, 0x00, 0x00, 0x00,
    0x01, 0x00, 0x00, 0x00, 0x58, 0x18, 0x00, 0x07, 0x46, 0x7e, 0x30, 0x00,
    0x00, 0x00, 0x00, 0x00, 0x00, 0x00, 0x00, 0x00, 0x00, 0x00, 0x00, 0x00,
    0x55, 0x55, 0x00, 0x00, 0x01, 0x00, 0x00, 0x00, 0x62, 0x10, 0x00, 0x03,
    0x32, 0x10, 0x10, 0x00, 0x01, 0x00, 0x00, 0x00, 0x62, 0x10, 0x00, 0x03,
    0x42, 0x10, 0x10, 0x00, 0x01, 0x00, 0x00, 0x00, 0x62, 0x10, 0x00, 0x03,
    0x82, 0x10, 0x10, 0x00, 0x01, 0x00, 0x00, 0x00, 0x62, 0x10, 0x00, 0x03,
    0x32, 0x10, 0x10, 0x00, 0x02, 0x00, 0x00, 0x00, 0x65, 0x00, 0x00, 0x03,
    0xf2, 0x20, 0x10, 0x00, 0x00, 0x00, 0x00, 0x00, 0x68, 0x00, 0x00, 0x02,
    0x05, 0x00, 0x00, 0x00, 0x34, 0x00, 0x00, 0x07, 0x12, 0x00, 0x10, 0x00,
    0x00, 0x00, 0x00, 0x00, 0x2a, 0x10, 0x10, 0x00, 0x01, 0x00, 0x00, 0x00,
    0x01, 0x40, 0x00, 0x00, 0x00, 0x00, 0x00, 0x3f, 0x38, 0x00, 0x00, 0x07,
    0x22, 0x00, 0x10, 0x00, 0x00, 0x00, 0x00, 0x00, 0x0a, 0x00, 0x10, 0x00,
    0x00, 0x00, 0x00, 0x00, 0x01, 0x40, 0x00, 0x00, 0x00, 0x00, 0x20, 0x40,
    0x42, 0x00, 0x00, 0x05, 0x22, 0x00, 0x10, 0x00, 0x00, 0x00, 0x00, 0x00,
    0x1a, 0x00, 0x10, 0x00, 0x00, 0x00, 0x00, 0x00, 0x1b, 0x00, 0x00, 0x05,
    0x22, 0x00, 0x10, 0x00, 0x00, 0x00, 0x00, 0x00, 0x1a, 0x00, 0x10, 0x00,
    0x00, 0x00, 0x00, 0x00, 0x25, 0x00, 0x00, 0x07, 0x22, 0x00, 0x10, 0x00,
    0x00, 0x00, 0x00, 0x00, 0x1a, 0x00, 0x10, 0x00, 0x00, 0x00, 0x00, 0x00,
    0x01, 0x40, 0x00, 0x00, 0x0c, 0x00, 0x00, 0x00, 0x31, 0x00, 0x00, 0x07,
    0x42, 0x00, 0x10, 0x00, 0x00, 0x00, 0x00, 0x00, 0x01, 0x40, 0x00, 0x00,
    0x00, 0x00, 0x00, 0x3f, 0x3a, 0x10, 0x10, 0x00, 0x01, 0x00, 0x00, 0x00,
    0x0e, 0x00, 0x00, 0x0a, 0x32, 0x00, 0x10, 0x00, 0x01, 0x00, 0x00, 0x00,
    0x02, 0x40, 0x00, 0x00, 0x00, 0x00, 0x80, 0x3f, 0x00, 0x00, 0x80, 0x3f,
    0x00, 0x00, 0x80, 0x3f, 0x00, 0x00, 0x80, 0x3f, 0x46, 0x10, 0x10, 0x00,
    0x02, 0x00, 0x00, 0x00, 0x36, 0x00, 0x00, 0x05, 0x42, 0x00, 0x10, 0x00,
    0x01, 0x00, 0x00, 0x00, 0x01, 0x40, 0x00, 0x00, 0x00, 0x00, 0x00, 0x00,
    0x37, 0x00, 0x00, 0x09, 0xc2, 0x00, 0x10, 0x00, 0x00, 0x00, 0x00, 0x00,
    0xa6, 0x0a, 0x10, 0x00, 0x00, 0x00, 0x00, 0x00, 0x06, 0x08, 0x10, 0x00,
    0x01, 0x00, 0x00, 0x00, 0xa6, 0x06, 0x10, 0x00, 0x01, 0x00, 0x00, 0x00,
    0x28, 0x00, 0x00, 0x05, 0x12, 0x00, 0x10, 0x00, 0x01, 0x00, 0x00, 0x00,
    0x1a, 0x00, 0x10, 0x00, 0x00, 0x00, 0x00, 0x00, 0x36, 0x00, 0x00, 0x08,
    0xf2, 0x00, 0x10, 0x00, 0x02, 0x00, 0x00, 0x00, 0x02, 0x40, 0x00, 0x00,
    0x00, 0x00, 0x00, 0x00, 0x00, 0x00, 0x00, 0x00, 0x00, 0x00, 0x00, 0x00,
    0x00, 0x00, 0x00, 0x00, 0x36, 0x00, 0x00, 0x05, 0x22, 0x00, 0x10, 0x00,
    0x01, 0x00, 0x00, 0x00, 0x01, 0x40, 0x00, 0x00, 0x00, 0x00, 0x00, 0x00,
    0x36, 0x00, 0x00, 0x05, 0x42, 0x00, 0x10, 0x00, 0x01, 0x00, 0x00, 0x00,
    0x0a, 0x00, 0x10, 0x00, 0x01, 0x00, 0x00, 0x00, 0x30, 0x00, 0x00, 0x01,
    0x22, 0x00, 0x00, 0x07, 0x82, 0x00, 0x10, 0x00, 0x01, 0x00, 0x00, 0x00,
    0x1a, 0x00, 0x10, 0x00, 0x00, 0x00, 0x00, 0x00, 0x2a, 0x00, 0x10, 0x00,
    0x01, 0x00, 0x00, 0x00, 0x03, 0x00, 0x04, 0x03, 0x3a, 0x00, 0x10, 0x00,
    0x01, 0x00, 0x00, 0x00, 0x2b, 0x00, 0x00, 0x05, 0x82, 0x00, 0x10, 0x00,
    0x01, 0x00, 0x00, 0x00, 0x2a, 0x00, 0x10, 0x00, 0x01, 0x00, 0x00, 0x00,
    0x0e, 0x00, 0x00, 0x07, 0x12, 0x00, 0x10, 0x00, 0x03, 0x00, 0x00, 0x00,
    0x3a, 0x00, 0x10, 0x00, 0x01, 0x00, 0x00, 0x00, 0x0a, 0x00, 0x10, 0x00,
    0x00, 0x00, 0x00, 0x00, 0x38, 0x00, 0x00, 0x07, 0x12, 0x00, 0x10, 0x00,
    0x03, 0x00, 0x00, 0x00, 0x0a, 0x00, 0x10, 0x00, 0x03, 0x00, 0x00, 0x00,
    0x0a, 0x00, 0x10, 0x00, 0x03, 0x00, 0x00, 0x00, 0x38, 0x00, 0x00, 0x07,
    0x12, 0x00, 0x10, 0x00, 0x03, 0x00, 0x00, 0x00, 0x0a, 0x00, 0x10, 0x00,
    0x03, 0x00, 0x00, 0x00, 0x01, 0x40, 0x00, 0x00, 0x3b, 0xaa, 0x38, 0xbf,
    0x19, 0x00, 0x00, 0x05, 0x12, 0x00, 0x10, 0x00, 0x03, 0x00, 0x00, 0x00,
    0x0a, 0x00, 0x10, 0x00, 0x03, 0x00, 0x00, 0x00, 0x32, 0x20, 0x00, 0x09,
    0x62, 0x00, 0x10, 0x00, 0x03, 0x00, 0x00, 0x00, 0xf6, 0x0f, 0x10, 0x00,
    0x01, 0x00, 0x00, 0x00, 0xa6, 0x0b, 0x10, 0x00, 0x00, 0x00, 0x00, 0x00,
    0x06, 0x11, 0x10, 0x00, 0x01, 0x00, 0x00, 0x00, 0x48, 0x00, 0x00, 0x0d,
    0xf2, 0x00, 0x10, 0x00, 0x04, 0x00, 0x00, 0x00, 0x96, 0x05, 0x10, 0x00,
    0x03, 0x00, 0x00, 0x00, 0x46, 0x7e, 0x20, 0x00, 0x00, 0x00, 0x00, 0x00,
    0x00, 0x00, 0x00, 0x00, 0x00, 0x60, 0x20, 0x00, 0x00, 0x00, 0x00, 0x00,
    0x01, 0x00, 0x00, 0x00, 0x01, 0x40, 0x00, 0x00, 0x00, 0x00, 0x00, 0x00,
    0x32, 0x00, 0x00, 0x09, 0xf2, 0x00, 0x10, 0x00, 0x02, 0x00, 0x00, 0x00,
    0x46, 0x0e, 0x10, 0x00, 0x04, 0x00, 0x00, 0x00, 0x06, 0x00, 0x10, 0x00,
    0x03, 0x00, 0x00, 0x00, 0x46, 0x0e, 0x10, 0x00, 0x02, 0x00, 0x00, 0x00,
    0x00, 0x00, 0x00, 0x07, 0x22, 0x00, 0x10, 0x00, 0x01, 0x00, 0x00, 0x00,
    0x1a, 0x00, 0x10, 0x00, 0x01, 0x00, 0x00, 0x00, 0x0a, 0x00, 0x10, 0x00,
    0x03, 0x00, 0x00, 0x00, 0x1e, 0x00, 0x00, 0x07, 0x42, 0x00, 0x10, 0x00,
    0x01, 0x00, 0x00, 0x00, 0x2a, 0x00, 0x10, 0x00, 0x01, 0x00, 0x00, 0x00,
    0x01, 0x40, 0x00, 0x00, 0x01, 0x00, 0x00, 0x00, 0x16, 0x00, 0x00, 0x01,
    0x0e, 0x00, 0x00, 0x07, 0xf2, 0x20, 0x10, 0x00, 0x00, 0x00, 0x00, 0x00,
    0x46, 0x0e, 0x10, 0x00, 0x02, 0x00, 0x00, 0x00, 0x56, 0x05, 0x10, 0x00,
    0x01, 0x00, 0x00, 0x00, 0x3e, 0x00, 0x00, 0x01, 0x53, 0x54, 0x41, 0x54,
    0x94, 0x00, 0x00, 0x00, 0x1d, 0x00, 0x00, 0x00, 0x05, 0x00, 0x00, 0x00,
    0x00, 0x00, 0x00, 0x00, 0x05, 0x00, 0x00, 0x00, 0x0d, 0x00, 0x00, 0x00,
    0x04, 0x00, 0x00, 0x00, 0x00, 0x00, 0x00, 0x00, 0x01, 0x00, 0x00, 0x00,
    0x01, 0x00, 0x00, 0x00, 0x00, 0x00, 0x00, 0x00, 0x00, 0x00, 0x00, 0x00,
    0x00, 0x00, 0x00, 0x00, 0x00, 0x00, 0x00, 0x00, 0x00, 0x00, 0x00, 0x00,
    0x00, 0x00, 0x00, 0x00, 0x01, 0x00, 0x00, 0x00, 0x00, 0x00, 0x00, 0x00,
    0x00, 0x00, 0x00, 0x00, 0x00, 0x00, 0x00, 0x00, 0x04, 0x00, 0x00, 0x00,
    0x01, 0x00, 0x00, 0x00, 0x03, 0x00, 0x00, 0x00, 0x00, 0x00, 0x00, 0x00,
    0x00, 0x00, 0x00, 0x00, 0x00, 0x00, 0x00, 0x00, 0x00, 0x00, 0x00, 0x00,
    0x00, 0x00, 0x00, 0x00, 0x00, 0x00, 0x00, 0x00, 0x00, 0x00, 0x00, 0x00,
    0x00, 0x00, 0x00, 0x00, 0x00, 0x00, 0x00, 0x00, 0x00, 0x00, 0x00, 0x00,
    0x00, 0x00, 0x00, 0x00, 0x00, 0x00, 0x00, 0x00, 0x00, 0x00, 0x00, 0x00,
    0x00, 0x00, 0x00, 0x00, 0x00, 0x00, 0x00, 0x00,
};

static const unsigned int kblur_ps_csoSize = 1484;

static const unsigned char kclip_shape_vs_cso[] = {
    0x44, 0x58, 0x42, 0x43, 0xdb, 0xe4, 0x0f, 0x6d, 0xae, 0x05, 0xe8, 0x3b,
    0x30, 0x82, 0xf5, 0xd1, 0xda, 0x34, 0xe5, 0x50, 0x01, 0x00, 0x00, 0x00,
    0x54, 0x05, 0x00, 0x00, 0x05, 0x00, 0x00, 0x00, 0x34, 0x00, 0x00, 0x00,
    0x3c, 0x02, 0x00, 0x00, 0x88, 0x02, 0x00, 0x00, 0x28, 0x03, 0x00, 0x00,
    0xb8, 0x04, 0x00, 0x00, 0x52, 0x44, 0x45, 0x46, 0x00, 0x02, 0x00, 0x00,
    0x01, 0x00, 0x00, 0x00, 0x78, 0x00, 0x00, 0x00, 0x01, 0x00, 0x00, 0x00,
    0x3c, 0x00, 0x00, 0x00, 0x01, 0x05, 0xfe, 0xff, 0x00, 0x05, 0x00, 0x00,
    0xd6, 0x01, 0x00, 0x00, 0x13, 0x13, 0x44, 0x25, 0x3c, 0x00, 0x00, 0x00,
    0x18, 0x00, 0x00, 0x00, 0x28, 0x00, 0x00, 0x00, 0x28, 0x00, 0x00, 0x00,
    0x24, 0x00, 0x00, 0x00, 0x0c, 0x00, 0x00, 0x00, 0x00, 0x00, 0x00, 0x00,
    0x64, 0x00, 0x00, 0x00, 0x00, 0x00, 0x00, 0x00, 0x00, 0x00, 0x00, 0x00,
    0x00, 0x00, 0x00, 0x00, 0x00, 0x00, 0x00, 0x00, 0x00, 0x00, 0x00, 0x00,
    0x01, 0x00, 0x00, 0x00, 0x01, 0x00, 0x00, 0x00, 0x00, 0x00, 0x00, 0x00,
    0x00, 0x00, 0x00, 0x00, 0x43, 0x6c, 0x69, 0x70, 0x53, 0x68, 0x61, 0x70,
    0x65, 0x55, 0x6e, 0x69, 0x66, 0x6f, 0x72, 0x6d, 0x73, 0x00, 0xab, 0xab,
    0x64, 0x00, 0x00, 0x00, 0x05, 0x00, 0x00, 0x00, 0x90, 0x00, 0x00, 0x00,
    0x20, 0x00, 0x00, 0x00, 0x00, 0x00, 0x00, 0x00, 0x00, 0x00, 0x00, 0x00,
    0x58, 0x01, 0x00, 0x00, 0x00, 0x00, 0x00, 0x00, 0x08, 0x00, 0x00, 0x00,
    0x02, 0x00, 0x00, 0x00, 0x6c, 0x01, 0x00, 0x00, 0x00, 0x00, 0x00, 0x00,
    0xff, 0xff, 0xff, 0xff, 0x00, 0x00, 0x00, 0x00, 0xff, 0xff, 0xff, 0xff,
    0x00, 0x00, 0x00, 0x00, 0x90, 0x01, 0x00, 0x00, 0x08, 0x00, 0x00, 0x00,
    0x08, 0x00, 0x00, 0x00, 0x02, 0x00, 0x00, 0x00, 0x6c, 0x01, 0x00, 0x00,
    0x00, 0x00, 0x00, 0x00, 0xff, 0xff, 0xff, 0xff, 0x00, 0x00, 0x00, 0x00,
    0xff, 0xff, 0xff, 0xff, 0x00, 0x00, 0x00, 0x00, 0x99, 0x01, 0x00, 0x00,
    0x10, 0x00, 0x00, 0x00, 0x04, 0x00, 0x00, 0x00, 0x02, 0x00, 0x00, 0x00,
    0xa8, 0x01, 0x00, 0x00, 0x00, 0x00, 0x00, 0x00, 0xff, 0xff, 0xff, 0xff,
    0x00, 0x00, 0x00, 0x00, 0xff, 0xff, 0xff, 0xff, 0x00, 0x00, 0x00, 0x00,
    0xcc, 0x01, 0x00, 0x00, 0x14, 0x00, 0x00, 0x00, 0x04, 0x00, 0x00, 0x00,
    0x02, 0x00, 0x00, 0x00, 0xa8, 0x01, 0x00, 0x00, 0x00, 0x00, 0x00, 0x00,
    0xff, 0xff, 0xff, 0xff, 0x00, 0x00, 0x00, 0x00, 0xff, 0xff, 0xff, 0xff,
    0x00, 0x00, 0x00, 0x00, 0xd1, 0x01, 0x00, 0x00, 0x18, 0x00, 0x00, 0x00,
    0x08, 0x00, 0x00, 0x00, 0x00, 0x00, 0x00, 0x00, 0x6c, 0x01, 0x00, 0x00,
    0x00, 0x00, 0x00, 0x00, 0xff, 0xff, 0xff, 0xff, 0x00, 0x00, 0x00, 0x00,
    0xff, 0xff, 0xff, 0xff, 0x00, 0x00, 0x00, 0x00, 0x72, 0x65, 0x63, 0x74,
    0x5f, 0x73, 0x69, 0x7a, 0x65, 0x00, 0x66, 0x6c, 0x6f, 0x61, 0x74, 0x32,
    0x00, 0xab, 0xab, 0xab, 0x01, 0x00, 0x03, 0x00, 0x01, 0x00, 0x02, 0x00,
    0x00, 0x00, 0x00, 0x00, 0x00, 0x00, 0x00, 0x00, 0x00, 0x00, 0x00, 0x00,
    0x00, 0x00, 0x00, 0x00, 0x00, 0x00, 0x00, 0x00, 0x00, 0x00, 0x00, 0x00,
    0x62, 0x01, 0x00, 0x00, 0x76, 0x69, 0x65, 0x77, 0x70, 0x6f, 0x72, 0x74,
    0x00, 0x63, 0x6f, 0x72, 0x6e, 0x65, 0x72, 0x5f, 0x72, 0x00, 0x66, 0x6c,
    0x6f, 0x61, 0x74, 0x00, 0x00, 0x00, 0x03, 0x00, 0x01, 0x00, 0x01, 0x00,
    0x00, 0x00, 0x00, 0x00, 0x00, 0x00, 0x00, 0x00, 0x00, 0x00, 0x00, 0x00,
    0x00, 0x00, 0x00, 0x00, 0x00, 0x00, 0x00, 0x00, 0x00, 0x00, 0x00, 0x00,
    0xa2, 0x01, 0x00, 0x00, 0x6b, 0x69, 0x6e, 0x64, 0x00, 0x5f, 0x70, 0x61,
    0x64, 0x00, 0x4d, 0x69, 0x63, 0x72, 0x6f, 0x73, 0x6f, 0x66, 0x74, 0x20,
    0x28, 0x52, 0x29, 0x20, 0x48, 0x4c, 0x53, 0x4c, 0x20, 0x53, 0x68, 0x61,
    0x64, 0x65, 0x72, 0x20, 0x43, 0x6f, 0x6d, 0x70, 0x69, 0x6c, 0x65, 0x72,
    0x20, 0x31, 0x30, 0x2e, 0x31, 0x00, 0xab, 0xab, 0x49, 0x53, 0x47, 0x4e,
    0x44, 0x00, 0x00, 0x00, 0x02, 0x00, 0x00, 0x00, 0x08, 0x00, 0x00, 0x00,
    0x38, 0x00, 0x00, 0x00, 0x00, 0x00, 0x00, 0x00, 0x00, 0x00, 0x00, 0x00,
    0x03, 0x00, 0x00, 0x00, 0x00, 0x00, 0x00, 0x00, 0x07, 0x07, 0x00, 0x00,
    0x38, 0x00, 0x00, 0x00, 0x01, 0x00, 0x00, 0x00, 0x00, 0x00, 0x00, 0x00,
    0x03, 0x00, 0x00, 0x00, 0x01, 0x00, 0x00, 0x00, 0x03, 0x03, 0x00, 0x00,
    0x54, 0x45, 0x58, 0x43, 0x4f, 0x4f, 0x52, 0x44, 0x00, 0xab, 0xab, 0xab,
    0x4f, 0x53, 0x47, 0x4e, 0x98, 0x00, 0x00, 0x00, 0x05, 0x00, 0x00, 0x00,
    0x08, 0x00, 0x00, 0x00, 0x80, 0x00, 0x00, 0x00, 0x00, 0x00, 0x00, 0x00,
    0x01, 0x00, 0x00, 0x00, 0x03, 0x00, 0x00, 0x00, 0x00, 0x00, 0x00, 0x00,
    0x0f, 0x00, 0x00, 0x00, 0x8c, 0x00, 0x00, 0x00, 0x00, 0x00, 0x00, 0x00,
    0x00, 0x00, 0x00, 0x00, 0x03, 0x00, 0x00, 0x00, 0x01, 0x00, 0x00, 0x00,
    0x03, 0x0c, 0x00, 0x00, 0x8c, 0x00, 0x00, 0x00, 0x01, 0x00, 0x00, 0x00,
    0x00, 0x00, 0x00, 0x00, 0x03, 0x00, 0x00, 0x00, 0x01, 0x00, 0x00, 0x00,
    0x0c, 0x03, 0x00, 0x00, 0x8c, 0x00, 0x00, 0x00, 0x02, 0x00, 0x00, 0x00,
    0x00, 0x00, 0x00, 0x00, 0x03, 0x00, 0x00, 0x00, 0x02, 0x00, 0x00, 0x00,
    0x01, 0x0e, 0x00, 0x00, 0x8c, 0x00, 0x00, 0x00, 0x03, 0x00, 0x00, 0x00,
    0x00, 0x00, 0x00, 0x00, 0x03, 0x00, 0x00, 0x00, 0x02, 0x00, 0x00, 0x00,
    0x02, 0x0d, 0x00, 0x00, 0x53, 0x56, 0x5f, 0x50, 0x4f, 0x53, 0x49, 0x54,
    0x49, 0x4f, 0x4e, 0x00, 0x54, 0x45, 0x58, 0x43, 0x4f, 0x4f, 0x52, 0x44,
    0x00, 0xab, 0xab, 0xab, 0x53, 0x48, 0x45, 0x58, 0x88, 0x01, 0x00, 0x00,
    0x51, 0x00, 0x01, 0x00, 0x62, 0x00, 0x00, 0x00, 0x6a, 0x08, 0x00, 0x01,
    0x59, 0x00, 0x00, 0x07, 0x46, 0x8e, 0x30, 0x00, 0x00, 0x00, 0x00, 0x00,
    0x00, 0x00, 0x00, 0x00, 0x00, 0x00, 0x00, 0x00, 0x02, 0x00, 0x00, 0x00,
    0x00, 0x00, 0x00, 0x00, 0x5f, 0x00, 0x00, 0x03, 0x72, 0x10, 0x10, 0x00,
    0x00, 0x00, 0x00, 0x00, 0x5f, 0x00, 0x00, 0x03, 0x32, 0x10, 0x10, 0x00,
    0x01, 0x00, 0x00, 0x00, 0x67, 0x00, 0x00, 0x04, 0xf2, 0x20, 0x10, 0x00,
    0x00, 0x00, 0x00, 0x00, 0x01, 0x00, 0x00, 0x00, 0x65, 0x00, 0x00, 0x03,
    0x32, 0x20, 0x10, 0x00, 0x01, 0x00, 0x00, 0x00, 0x65, 0x00, 0x00, 0x03,
    0xc2, 0x20, 0x10, 0x00, 0x01, 0x00, 0x00, 0x00, 0x65, 0x00, 0x00, 0x03,
    0x12, 0x20, 0x10, 0x00, 0x02, 0x00, 0x00, 0x00, 0x65, 0x00, 0x00, 0x03,
    0x22, 0x20, 0x10, 0x00, 0x02, 0x00, 0x00, 0x00, 0x68, 0x00, 0x00, 0x02,
    0x01, 0x00, 0x00, 0x00, 0x00, 0x00, 0x00, 0x07, 0x32, 0x00, 0x10, 0x00,
    0x00, 0x00, 0x00, 0x00, 0x46, 0x10, 0x10, 0x00, 0x00, 0x00, 0x00, 0x00,
    0x46, 0x10, 0x10, 0x00, 0x00, 0x00, 0x00, 0x00, 0x0e, 0x00, 0x00, 0x09,
    0x32, 0x00, 0x10, 0x00, 0x00, 0x00, 0x00, 0x00, 0x46, 0x00, 0x10, 0x00,
    0x00, 0x00, 0x00, 0x00, 0xe6, 0x8a, 0x30, 0x00, 0x00, 0x00, 0x00, 0x00,
    0x00, 0x00, 0x00, 0x00, 0x00, 0x00, 0x00, 0x00, 0x00, 0x00, 0x00, 0x08,
    0x32, 0x00, 0x10, 0x00, 0x00, 0x00, 0x00, 0x00, 0x46, 0x00, 0x10, 0x00,
    0x00, 0x00, 0x00, 0x00, 0xa6, 0x1a, 0x10, 0x80, 0x41, 0x00, 0x00, 0x00,
    0x00, 0x00, 0x00, 0x00, 0x38, 0x00, 0x00, 0x0a, 0x32, 0x20, 0x10, 0x00,
    0x00, 0x00, 0x00, 0x00, 0x46, 0x00, 0x10, 0x00, 0x00, 0x00, 0x00, 0x00,
    0x02, 0x40, 0x00, 0x00, 0x00, 0x00, 0x80, 0x3f, 0x00, 0x00, 0x80, 0xbf,
    0x00, 0x00, 0x00, 0x00, 0x00, 0x00, 0x00, 0x00, 0x36, 0x00, 0x00, 0x05,
    0x42, 0x20, 0x10, 0x00, 0x00, 0x00, 0x00, 0x00, 0x01, 0x40, 0x00, 0x00,
    0x00, 0x00, 0x00, 0x00, 0x36, 0x00, 0x00, 0x05, 0x82, 0x20, 0x10, 0x00,
    0x00, 0x00, 0x00, 0x00, 0x2a, 0x10, 0x10, 0x00, 0x00, 0x00, 0x00, 0x00,
    0x36, 0x00, 0x00, 0x05, 0x32, 0x20, 0x10, 0x00, 0x01, 0x00, 0x00, 0x00,
    0x46, 0x10, 0x10, 0x00, 0x01, 0x00, 0x00, 0x00, 0x36, 0x00, 0x00, 0x07,
    0xc2, 0x20, 0x10, 0x00, 0x01, 0x00, 0x00, 0x00, 0x06, 0x84, 0x30, 0x00,
    0x00, 0x00, 0x00, 0x00, 0x00, 0x00, 0x00, 0x00, 0x00, 0x00, 0x00, 0x00,
    0x36, 0x00, 0x00, 0x07, 0x32, 0x20, 0x10, 0x00, 0x02, 0x00, 0x00, 0x00,
    0x46, 0x80, 0x30, 0x00, 0x00, 0x00, 0x00, 0x00, 0x00, 0x00, 0x00, 0x00,
    0x01, 0x00, 0x00, 0x00, 0x3e, 0x00, 0x00, 0x01, 0x53, 0x54, 0x41, 0x54,
    0x94, 0x00, 0x00, 0x00, 0x0a, 0x00, 0x00, 0x00, 0x01, 0x00, 0x00, 0x00,
    0x00, 0x00, 0x00, 0x00, 0x07, 0x00, 0x00, 0x00, 0x04, 0x00, 0x00, 0x00,
    0x00, 0x00, 0x00, 0x00, 0x00, 0x00, 0x00, 0x00, 0x01, 0x00, 0x00, 0x00,
    0x00, 0x00, 0x00, 0x00, 0x00, 0x00, 0x00, 0x00, 0x00, 0x00, 0x00, 0x00,
    0x00, 0x00, 0x00, 0x00, 0x00, 0x00, 0x00, 0x00, 0x00, 0x00, 0x00, 0x00,
    0x00, 0x00, 0x00, 0x00, 0x00, 0x00, 0x00, 0x00, 0x00, 0x00, 0x00, 0x00,
    0x00, 0x00, 0x00, 0x00, 0x00, 0x00, 0x00, 0x00, 0x05, 0x00, 0x00, 0x00,
    0x00, 0x00, 0x00, 0x00, 0x00, 0x00, 0x00, 0x00, 0x00, 0x00, 0x00, 0x00,
    0x00, 0x00, 0x00, 0x00, 0x00, 0x00, 0x00, 0x00, 0x00, 0x00, 0x00, 0x00,
    0x00, 0x00, 0x00, 0x00, 0x00, 0x00, 0x00, 0x00, 0x00, 0x00, 0x00, 0x00,
    0x00, 0x00, 0x00, 0x00, 0x00, 0x00, 0x00, 0x00, 0x00, 0x00, 0x00, 0x00,
    0x00, 0x00, 0x00, 0x00, 0x00, 0x00, 0x00, 0x00, 0x00, 0x00, 0x00, 0x00,
    0x00, 0x00, 0x00, 0x00, 0x00, 0x00, 0x00, 0x00,
};

static const unsigned int kclip_shape_vs_csoSize = 1364;

static const unsigned char kclip_shape_ps_cso[] = {
    0x44, 0x58, 0x42, 0x43, 0x51, 0xbd, 0xba, 0x1e, 0x86, 0x59, 0xb7, 0xa6,
    0x93, 0x2c, 0x9b, 0x42, 0x52, 0xf9, 0x78, 0x78, 0x01, 0x00, 0x00, 0x00,
    0x5c, 0x06, 0x00, 0x00, 0x05, 0x00, 0x00, 0x00, 0x34, 0x00, 0x00, 0x00,
    0xfc, 0x00, 0x00, 0x00, 0x9c, 0x01, 0x00, 0x00, 0xd0, 0x01, 0x00, 0x00,
    0xc0, 0x05, 0x00, 0x00, 0x52, 0x44, 0x45, 0x46, 0xc0, 0x00, 0x00, 0x00,
    0x00, 0x00, 0x00, 0x00, 0x00, 0x00, 0x00, 0x00, 0x02, 0x00, 0x00, 0x00,
    0x3c, 0x00, 0x00, 0x00, 0x01, 0x05, 0xff, 0xff, 0x00, 0x05, 0x00, 0x00,
    0x96, 0x00, 0x00, 0x00, 0x13, 0x13, 0x44, 0x25, 0x3c, 0x00, 0x00, 0x00,
    0x18, 0x00, 0x00, 0x00, 0x28, 0x00, 0x00, 0x00, 0x28, 0x00, 0x00, 0x00,
    0x24, 0x00, 0x00, 0x00, 0x0c, 0x00, 0x00, 0x00, 0x00, 0x00, 0x00, 0x00,
    0x8c, 0x00, 0x00, 0x00, 0x03, 0x00, 0x00, 0x00, 0x00, 0x00, 0x00, 0x00,
    0x00, 0x00, 0x00, 0x00, 0x00, 0x00, 0x00, 0x00, 0x01, 0x00, 0x00, 0x00,
    0x01, 0x00, 0x00, 0x00, 0x00, 0x00, 0x00, 0x00, 0x01, 0x00, 0x00, 0x00,
    0x00, 0x00, 0x00, 0x00, 0x91, 0x00, 0x00, 0x00, 0x02, 0x00, 0x00, 0x00,
    0x05, 0x00, 0x00, 0x00, 0x04, 0x00, 0x00, 0x00, 0xff, 0xff, 0xff, 0xff,
    0x00, 0x00, 0x00, 0x00, 0x01, 0x00, 0x00, 0x00, 0x0c, 0x00, 0x00, 0x00,
    0x01, 0x00, 0x00, 0x00, 0x00, 0x00, 0x00, 0x00, 0x67, 0x53, 0x6d, 0x70,
    0x00, 0x67, 0x54, 0x65, 0x78, 0x00, 0x4d, 0x69, 0x63, 0x72, 0x6f, 0x73,
    0x6f, 0x66, 0x74, 0x20, 0x28, 0x52, 0x29, 0x20, 0x48, 0x4c, 0x53, 0x4c,
    0x20, 0x53, 0x68, 0x61, 0x64, 0x65, 0x72, 0x20, 0x43, 0x6f, 0x6d, 0x70,
    0x69, 0x6c, 0x65, 0x72, 0x20, 0x31, 0x30, 0x2e, 0x31, 0x00, 0xab, 0xab,
    0x49, 0x53, 0x47, 0x4e, 0x98, 0x00, 0x00, 0x00, 0x05, 0x00, 0x00, 0x00,
    0x08, 0x00, 0x00, 0x00, 0x80, 0x00, 0x00, 0x00, 0x00, 0x00, 0x00, 0x00,
    0x01, 0x00, 0x00, 0x00, 0x03, 0x00, 0x00, 0x00, 0x00, 0x00, 0x00, 0x00,
    0x0f, 0x00, 0x00, 0x00, 0x8c, 0x00, 0x00, 0x00, 0x00, 0x00, 0x00, 0x00,
    0x00, 0x00, 0x00, 0x00, 0x03, 0x00, 0x00, 0x00, 0x01, 0x00, 0x00, 0x00,
    0x03, 0x03, 0x00, 0x00, 0x8c, 0x00, 0x00, 0x00, 0x01, 0x00, 0x00, 0x00,
    0x00, 0x00, 0x00, 0x00, 0x03, 0x00, 0x00, 0x00, 0x01, 0x00, 0x00, 0x00,
    0x0c, 0x0c, 0x00, 0x00, 0x8c, 0x00, 0x00, 0x00, 0x02, 0x00, 0x00, 0x00,
    0x00, 0x00, 0x00, 0x00, 0x03, 0x00, 0x00, 0x00, 0x02, 0x00, 0x00, 0x00,
    0x01, 0x01, 0x00, 0x00, 0x8c, 0x00, 0x00, 0x00, 0x03, 0x00, 0x00, 0x00,
    0x00, 0x00, 0x00, 0x00, 0x03, 0x00, 0x00, 0x00, 0x02, 0x00, 0x00, 0x00,
    0x02, 0x02, 0x00, 0x00, 0x53, 0x56, 0x5f, 0x50, 0x4f, 0x53, 0x49, 0x54,
    0x49, 0x4f, 0x4e, 0x00, 0x54, 0x45, 0x58, 0x43, 0x4f, 0x4f, 0x52, 0x44,
    0x00, 0xab, 0xab, 0xab, 0x4f, 0x53, 0x47, 0x4e, 0x2c, 0x00, 0x00, 0x00,
    0x01, 0x00, 0x00, 0x00, 0x08, 0x00, 0x00, 0x00, 0x20, 0x00, 0x00, 0x00,
    0x00, 0x00, 0x00, 0x00, 0x00, 0x00, 0x00, 0x00, 0x03, 0x00, 0x00, 0x00,
    0x00, 0x00, 0x00, 0x00, 0x0f, 0x00, 0x00, 0x00, 0x53, 0x56, 0x5f, 0x54,
    0x41, 0x52, 0x47, 0x45, 0x54, 0x00, 0xab, 0xab, 0x53, 0x48, 0x45, 0x58,
    0xe8, 0x03, 0x00, 0x00, 0x51, 0x00, 0x00, 0x00, 0xfa, 0x00, 0x00, 0x00,
    0x6a, 0x08, 0x00, 0x01, 0x5a, 0x00, 0x00, 0x06, 0x46, 0x6e, 0x30, 0x00,
    0x00, 0x00, 0x00, 0x00, 0x01, 0x00, 0x00, 0x00, 0x01, 0x00, 0x00, 0x00,
    0x01, 0x00, 0x00, 0x00, 0x58, 0x18, 0x00, 0x07, 0x46, 0x7e, 0x30, 0x00,
    0x00, 0x00, 0x00, 0x00, 0x00, 0x00, 0x00, 0x00, 0x00, 0x00, 0x00, 0x00,
    0x55, 0x55, 0x00, 0x00, 0x01, 0x00, 0x00, 0x00, 0x62, 0x10, 0x00, 0x03,
    0x32, 0x10, 0x10, 0x00, 0x01, 0x00, 0x00, 0x00, 0x62, 0x10, 0x00, 0x03,
    0xc2, 0x10, 0x10, 0x00, 0x01, 0x00, 0x00, 0x00, 0x62, 0x10, 0x00, 0x03,
    0x12, 0x10, 0x10, 0x00, 0x02, 0x00, 0x00, 0x00, 0x62, 0x10, 0x00, 0x03,
    0x22, 0x10, 0x10, 0x00, 0x02, 0x00, 0x00, 0x00, 0x65, 0x00, 0x00, 0x03,
    0xf2, 0x20, 0x10, 0x00, 0x00, 0x00, 0x00, 0x00, 0x68, 0x00, 0x00, 0x02,
    0x04, 0x00, 0x00, 0x00, 0x45, 0x00, 0x00, 0x0b, 0xf2, 0x00, 0x10, 0x00,
    0x00, 0x00, 0x00, 0x00, 0x46, 0x10, 0x10, 0x00, 0x01, 0x00, 0x00, 0x00,
    0x46, 0x7e, 0x20, 0x00, 0x00, 0x00, 0x00, 0x00, 0x00, 0x00, 0x00, 0x00,
    0x00, 0x60, 0x20, 0x00, 0x00, 0x00, 0x00, 0x00, 0x01, 0x00, 0x00, 0x00,
    0x38, 0x00, 0x00, 0x0a, 0x32, 0x00, 0x10, 0x00, 0x01, 0x00, 0x00, 0x00,
    0xe6, 0x1a, 0x10, 0x00, 0x01, 0x00, 0x00, 0x00, 0x02, 0x40, 0x00, 0x00,
    0x00, 0x00, 0x00, 0x3f, 0x00, 0x00, 0x00, 0x3f, 0x00, 0x00, 0x00, 0x00,
    0x00, 0x00, 0x00, 0x00, 0x00, 0x00, 0x00, 0x0a, 0xc2, 0x00, 0x10, 0x00,
    0x01, 0x00, 0x00, 0x00, 0x06, 0x14, 0x10, 0x00, 0x01, 0x00, 0x00, 0x00,
    0x02, 0x40, 0x00, 0x00, 0x00, 0x00, 0x00, 0x00, 0x00, 0x00, 0x00, 0x00,
    0x00, 0x00, 0x00, 0xbf, 0x00, 0x00, 0x00, 0xbf, 0x38, 0x00, 0x00, 0x07,
    0xc2, 0x00, 0x10, 0x00, 0x01, 0x00, 0x00, 0x00, 0xa6, 0x0e, 0x10, 0x00,
    0x01, 0x00, 0x00, 0x00, 0xa6, 0x1e, 0x10, 0x00, 0x01, 0x00, 0x00, 0x00,
    0x31, 0x00, 0x00, 0x07, 0x12, 0x00, 0x10, 0x00, 0x02, 0x00, 0x00, 0x00,
    0x1a, 0x10, 0x10, 0x00, 0x02, 0x00, 0x00, 0x00, 0x01, 0x40, 0x00, 0x00,
    0x00, 0x00, 0x00, 0x3f, 0x1f, 0x00, 0x04, 0x03, 0x0a, 0x00, 0x10, 0x00,
    0x02, 0x00, 0x00, 0x00, 0x33, 0x00, 0x00, 0x07, 0x12, 0x00, 0x10, 0x00,
    0x02, 0x00, 0x00, 0x00, 0x1a, 0x00, 0x10, 0x00, 0x01, 0x00, 0x00, 0x00,
    0x0a, 0x00, 0x10, 0x00, 0x01, 0x00, 0x00, 0x00, 0x33, 0x00, 0x00, 0x07,
    0x12, 0x00, 0x10, 0x00, 0x02, 0x00, 0x00, 0x00, 0x0a, 0x00, 0x10, 0x00,
    0x02, 0x00, 0x00, 0x00, 0x0a, 0x10, 0x10, 0x00, 0x02, 0x00, 0x00, 0x00,
    0x32, 0x00, 0x00, 0x0e, 0x62, 0x00, 0x10, 0x00, 0x02, 0x00, 0x00, 0x00,
    0xa6, 0x1b, 0x10, 0x80, 0x41, 0x00, 0x00, 0x00, 0x01, 0x00, 0x00, 0x00,
    0x02, 0x40, 0x00, 0x00, 0x00, 0x00, 0x00, 0x00, 0x00, 0x00, 0x00, 0x3f,
    0x00, 0x00, 0x00, 0x3f, 0x00, 0x00, 0x00, 0x00, 0xa6, 0x0b, 0x10, 0x80,
    0x81, 0x00, 0x00, 0x00, 0x01, 0x00, 0x00, 0x00, 0x00, 0x00, 0x00, 0x07,
    0x62, 0x00, 0x10, 0x00, 0x02, 0x00, 0x00, 0x00, 0x06, 0x00, 0x10, 0x00,
    0x02, 0x00, 0x00, 0x00, 0x56, 0x06, 0x10, 0x00, 0x02, 0x00, 0x00, 0x00,
    0x34, 0x00, 0x00, 0x0a, 0x32, 0x00, 0x10, 0x00, 0x03, 0x00, 0x00, 0x00,
    0x96, 0x05, 0x10, 0x00, 0x02, 0x00, 0x00, 0x00, 0x02, 0x40, 0x00, 0x00,
    0x00, 0x00, 0x00, 0x00, 0x00, 0x00, 0x00, 0x00, 0x00, 0x00, 0x00, 0x00,
    0x00, 0x00, 0x00, 0x00, 0x0f, 0x00, 0x00, 0x07, 0x82, 0x00, 0x10, 0x00,
    0x02, 0x00, 0x00, 0x00, 0x46, 0x00, 0x10, 0x00, 0x03, 0x00, 0x00, 0x00,
    0x46, 0x00, 0x10, 0x00, 0x03, 0x00, 0x00, 0x00, 0x4b, 0x00, 0x00, 0x05,
    0x82, 0x00, 0x10, 0x00, 0x02, 0x00, 0x00, 0x00, 0x3a, 0x00, 0x10, 0x00,
    0x02, 0x00, 0x00, 0x00, 0x34, 0x00, 0x00, 0x07, 0x22, 0x00, 0x10, 0x00,
    0x02, 0x00, 0x00, 0x00, 0x2a, 0x00, 0x10, 0x00, 0x02, 0x00, 0x00, 0x00,
    0x1a, 0x00, 0x10, 0x00, 0x02, 0x00, 0x00, 0x00, 0x33, 0x00, 0x00, 0x07,
    0x22, 0x00, 0x10, 0x00, 0x02, 0x00, 0x00, 0x00, 0x1a, 0x00, 0x10, 0x00,
    0x02, 0x00, 0x00, 0x00, 0x01, 0x40, 0x00, 0x00, 0x00, 0x00, 0x00, 0x00,
    0x00, 0x00, 0x00, 0x07, 0x22, 0x00, 0x10, 0x00, 0x02, 0x00, 0x00, 0x00,
    0x1a, 0x00, 0x10, 0x00, 0x02, 0x00, 0x00, 0x00, 0x3a, 0x00, 0x10, 0x00,
    0x02, 0x00, 0x00, 0x00, 0x00, 0x00, 0x00, 0x08, 0x12, 0x00, 0x10, 0x00,
    0x02, 0x00, 0x00, 0x00, 0x0a, 0x00, 0x10, 0x80, 0x41, 0x00, 0x00, 0x00,
    0x02, 0x00, 0x00, 0x00, 0x1a, 0x00, 0x10, 0x00, 0x02, 0x00, 0x00, 0x00,
    0x12, 0x00, 0x00, 0x01, 0x0e, 0x00, 0x00, 0x07, 0xc2, 0x00, 0x10, 0x00,
    0x01, 0x00, 0x00, 0x00, 0xa6, 0x0e, 0x10, 0x00, 0x01, 0x00, 0x00, 0x00,
    0x06, 0x04, 0x10, 0x00, 0x01, 0x00, 0x00, 0x00, 0x0f, 0x00, 0x00, 0x07,
    0x42, 0x00, 0x10, 0x00, 0x01, 0x00, 0x00, 0x00, 0xe6, 0x0a, 0x10, 0x00,
    0x01, 0x00, 0x00, 0x00, 0xe6, 0x0a, 0x10, 0x00, 0x01, 0x00, 0x00, 0x00,
    0x4b, 0x00, 0x00, 0x05, 0x42, 0x00, 0x10, 0x00, 0x01, 0x00, 0x00, 0x00,
    0x2a, 0x00, 0x10, 0x00, 0x01, 0x00, 0x00, 0x00, 0x00, 0x00, 0x00, 0x07,
    0x42, 0x00, 0x10, 0x00, 0x01, 0x00, 0x00, 0x00, 0x2a, 0x00, 0x10, 0x00,
    0x01, 0x00, 0x00, 0x00, 0x01, 0x40, 0x00, 0x00, 0x00, 0x00, 0x80, 0xbf,
    0x33, 0x00, 0x00, 0x07, 0x12, 0x00, 0x10, 0x00, 0x01, 0x00, 0x00, 0x00,
    0x1a, 0x00, 0x10, 0x00, 0x01, 0x00, 0x00, 0x00, 0x0a, 0x00, 0x10, 0x00,
    0x01, 0x00, 0x00, 0x00, 0x38, 0x00, 0x00, 0x07, 0x12, 0x00, 0x10, 0x00,
    0x02, 0x00, 0x00, 0x00, 0x0a, 0x00, 0x10, 0x00, 0x01, 0x00, 0x00, 0x00,
    0x2a, 0x00, 0x10, 0x00, 0x01, 0x00, 0x00, 0x00, 0x15, 0x00, 0x00, 0x01,
    0x00, 0x20, 0x00, 0x07, 0x12, 0x00, 0x10, 0x00, 0x01, 0x00, 0x00, 0x00,
    0x0a, 0x00, 0x10, 0x00, 0x02, 0x00, 0x00, 0x00, 0x01, 0x40, 0x00, 0x00,
    0x00, 0x00, 0x00, 0x3f, 0x32, 0x00, 0x00, 0x09, 0x22, 0x00, 0x10, 0x00,
    0x01, 0x00, 0x00, 0x00, 0x0a, 0x00, 0x10, 0x00, 0x01, 0x00, 0x00, 0x00,
    0x01, 0x40, 0x00, 0x00, 0x00, 0x00, 0x00, 0xc0, 0x01, 0x40, 0x00, 0x00,
    0x00, 0x00, 0x40, 0x40, 0x38, 0x00, 0x00, 0x07, 0x12, 0x00, 0x10, 0x00,
    0x01, 0x00, 0x00, 0x00, 0x0a, 0x00, 0x10, 0x00, 0x01, 0x00, 0x00, 0x00,
    0x0a, 0x00, 0x10, 0x00, 0x01, 0x00, 0x00, 0x00, 0x32, 0x00, 0x00, 0x0a,
    0x12, 0x00, 0x10, 0x00, 0x01, 0x00, 0x00, 0x00, 0x1a, 0x00, 0x10, 0x80,
    0x41, 0x00, 0x00, 0x00, 0x01, 0x00, 0x00, 0x00, 0x0a, 0x00, 0x10, 0x00,
    0x01, 0x00, 0x00, 0x00, 0x01, 0x40, 0x00, 0x00, 0x00, 0x00, 0x80, 0x3f,
    0x38, 0x00, 0x00, 0x07, 0xf2, 0x20, 0x10, 0x00, 0x00, 0x00, 0x00, 0x00,
    0x46, 0x0e, 0x10, 0x00, 0x00, 0x00, 0x00, 0x00, 0x06, 0x00, 0x10, 0x00,
    0x01, 0x00, 0x00, 0x00, 0x3e, 0x00, 0x00, 0x01, 0x53, 0x54, 0x41, 0x54,
    0x94, 0x00, 0x00, 0x00, 0x1f, 0x00, 0x00, 0x00, 0x04, 0x00, 0x00, 0x00,
    0x00, 0x00, 0x00, 0x00, 0x05, 0x00, 0x00, 0x00, 0x1a, 0x00, 0x00, 0x00,
    0x00, 0x00, 0x00, 0x00, 0x00, 0x00, 0x00, 0x00, 0x02, 0x00, 0x00, 0x00,
    0x01, 0x00, 0x00, 0x00, 0x00, 0x00, 0x00, 0x00, 0x00, 0x00, 0x00, 0x00,
    0x00, 0x00, 0x00, 0x00, 0x00, 0x00, 0x00, 0x00, 0x00, 0x00, 0x00, 0x00,
    0x01, 0x00, 0x00, 0x00, 0x00, 0x00, 0x00, 0x00, 0x00, 0x00, 0x00, 0x00,
    0x00, 0x00, 0x00, 0x00, 0x00, 0x00, 0x00, 0x00, 0x00, 0x00, 0x00, 0x00,
    0x00, 0x00, 0x00, 0x00, 0x00, 0x00, 0x00, 0x00, 0x00, 0x00, 0x00, 0x00,
    0x00, 0x00, 0x00, 0x00, 0x00, 0x00, 0x00, 0x00, 0x00, 0x00, 0x00, 0x00,
    0x00, 0x00, 0x00, 0x00, 0x00, 0x00, 0x00, 0x00, 0x00, 0x00, 0x00, 0x00,
    0x00, 0x00, 0x00, 0x00, 0x00, 0x00, 0x00, 0x00, 0x00, 0x00, 0x00, 0x00,
    0x00, 0x00, 0x00, 0x00, 0x00, 0x00, 0x00, 0x00, 0x00, 0x00, 0x00, 0x00,
    0x00, 0x00, 0x00, 0x00, 0x00, 0x00, 0x00, 0x00,
};

static const unsigned int kclip_shape_ps_csoSize = 1628;

static const unsigned char kshader_mask_vs_cso[] = {
    0x44, 0x58, 0x42, 0x43, 0x4f, 0xf5, 0xbd, 0xf9, 0xc9, 0x30, 0xc5, 0x48,
    0x56, 0x20, 0xb6, 0x0c, 0xab, 0x12, 0x5d, 0xfe, 0x01, 0x00, 0x00, 0x00,
    0xb8, 0x06, 0x00, 0x00, 0x05, 0x00, 0x00, 0x00, 0x34, 0x00, 0x00, 0x00,
    0x04, 0x03, 0x00, 0x00, 0x50, 0x03, 0x00, 0x00, 0x20, 0x04, 0x00, 0x00,
    0x1c, 0x06, 0x00, 0x00, 0x52, 0x44, 0x45, 0x46, 0xc8, 0x02, 0x00, 0x00,
    0x01, 0x00, 0x00, 0x00, 0x78, 0x00, 0x00, 0x00, 0x01, 0x00, 0x00, 0x00,
    0x3c, 0x00, 0x00, 0x00, 0x01, 0x05, 0xfe, 0xff, 0x00, 0x05, 0x00, 0x00,
    0xa0, 0x02, 0x00, 0x00, 0x13, 0x13, 0x44, 0x25, 0x3c, 0x00, 0x00, 0x00,
    0x18, 0x00, 0x00, 0x00, 0x28, 0x00, 0x00, 0x00, 0x28, 0x00, 0x00, 0x00,
    0x24, 0x00, 0x00, 0x00, 0x0c, 0x00, 0x00, 0x00, 0x00, 0x00, 0x00, 0x00,
    0x64, 0x00, 0x00, 0x00, 0x00, 0x00, 0x00, 0x00, 0x00, 0x00, 0x00, 0x00,
    0x00, 0x00, 0x00, 0x00, 0x00, 0x00, 0x00, 0x00, 0x00, 0x00, 0x00, 0x00,
    0x01, 0x00, 0x00, 0x00, 0x01, 0x00, 0x00, 0x00, 0x00, 0x00, 0x00, 0x00,
    0x00, 0x00, 0x00, 0x00, 0x53, 0x68, 0x61, 0x64, 0x65, 0x72, 0x4d, 0x61,
    0x73, 0x6b, 0x55, 0x6e, 0x69, 0x66, 0x6f, 0x72, 0x6d, 0x73, 0x00, 0xab,
    0x64, 0x00, 0x00, 0x00, 0x07, 0x00, 0x00, 0x00, 0x90, 0x00, 0x00, 0x00,
    0x40, 0x00, 0x00, 0x00, 0x00, 0x00, 0x00, 0x00, 0x00, 0x00, 0x00, 0x00,
    0xa8, 0x01, 0x00, 0x00, 0x00, 0x00, 0x00, 0x00, 0x08, 0x00, 0x00, 0x00,
    0x02, 0x00, 0x00, 0x00, 0xb8, 0x01, 0x00, 0x00, 0x00, 0x00, 0x00, 0x00,
    0xff, 0xff, 0xff, 0xff, 0x00, 0x00, 0x00, 0x00, 0xff, 0xff, 0xff, 0xff,
    0x00, 0x00, 0x00, 0x00, 0xdc, 0x01, 0x00, 0x00, 0x08, 0x00, 0x00, 0x00,
    0x04, 0x00, 0x00, 0x00, 0x02, 0x00, 0x00, 0x00, 0xf0, 0x01, 0x00, 0x00,
    0x00, 0x00, 0x00, 0x00, 0xff, 0xff, 0xff, 0xff, 0x00, 0x00, 0x00, 0x00,
    0xff, 0xff, 0xff, 0xff, 0x00, 0x00, 0x00, 0x00, 0x14, 0x02, 0x00, 0x00,
    0x0c, 0x00, 0x00, 0x00, 0x04, 0x00, 0x00, 0x00, 0x02, 0x00, 0x00, 0x00,
    0xf0, 0x01, 0x00, 0x00, 0x00, 0x00, 0x00, 0x00, 0xff, 0xff, 0xff, 0xff,
    0x00, 0x00, 0x00, 0x00, 0xff, 0xff, 0xff, 0xff, 0x00, 0x00, 0x00, 0x00,
    0x1e, 0x02, 0x00, 0x00, 0x10, 0x00, 0x00, 0x00, 0x10, 0x00, 0x00, 0x00,
    0x02, 0x00, 0x00, 0x00, 0x34, 0x02, 0x00, 0x00, 0x00, 0x00, 0x00, 0x00,
    0xff, 0xff, 0xff, 0xff, 0x00, 0x00, 0x00, 0x00, 0xff, 0xff, 0xff, 0xff,
    0x00, 0x00, 0x00, 0x00, 0x58, 0x02, 0x00, 0x00, 0x20, 0x00, 0x00, 0x00,
    0x10, 0x00, 0x00, 0x00, 0x02, 0x00, 0x00, 0x00, 0x34, 0x02, 0x00, 0x00,
    0x00, 0x00, 0x00, 0x00, 0xff, 0xff, 0xff, 0xff, 0x00, 0x00, 0x00, 0x00,
    0xff, 0xff, 0xff, 0xff, 0x00, 0x00, 0x00, 0x00, 0x64, 0x02, 0x00, 0x00,
    0x30, 0x00, 0x00, 0x00, 0x04, 0x00, 0x00, 0x00, 0x02, 0x00, 0x00, 0x00,
    0xf0, 0x01, 0x00, 0x00, 0x00, 0x00, 0x00, 0x00, 0xff, 0xff, 0xff, 0xff,
    0x00, 0x00, 0x00, 0x00, 0xff, 0xff, 0xff, 0xff, 0x00, 0x00, 0x00, 0x00,
    0x6f, 0x02, 0x00, 0x00, 0x34, 0x00, 0x00, 0x00, 0x0c, 0x00, 0x00, 0x00,
    0x00, 0x00, 0x00, 0x00, 0x7c, 0x02, 0x00, 0x00, 0x00, 0x00, 0x00, 0x00,
    0xff, 0xff, 0xff, 0xff, 0x00, 0x00, 0x00, 0x00, 0xff, 0xff, 0xff, 0xff,
    0x00, 0x00, 0x00, 0x00, 0x76, 0x69, 0x65, 0x77, 0x70, 0x6f, 0x72, 0x74,
    0x00, 0x66, 0x6c, 0x6f, 0x61, 0x74, 0x32, 0x00, 0x01, 0x00, 0x03, 0x00,
    0x01, 0x00, 0x02, 0x00, 0x00, 0x00, 0x00, 0x00, 0x00, 0x00, 0x00, 0x00,
    0x00, 0x00, 0x00, 0x00, 0x00, 0x00, 0x00, 0x00, 0x00, 0x00, 0x00, 0x00,
    0x00, 0x00, 0x00, 0x00, 0xb1, 0x01, 0x00, 0x00, 0x67, 0x72, 0x61, 0x64,
    0x69, 0x65, 0x6e, 0x74, 0x5f, 0x74, 0x79, 0x70, 0x65, 0x00, 0x66, 0x6c,
    0x6f, 0x61, 0x74, 0x00, 0x00, 0x00, 0x03, 0x00, 0x01, 0x00, 0x01, 0x00,
    0x00, 0x00, 0x00, 0x00, 0x00, 0x00, 0x00, 0x00, 0x00, 0x00, 0x00, 0x00,
    0x00, 0x00, 0x00, 0x00, 0x00, 0x00, 0x00, 0x00, 0x00, 0x00, 0x00, 0x00,
    0xea, 0x01, 0x00, 0x00, 0x74, 0x69, 0x6c, 0x65, 0x5f, 0x6d, 0x6f, 0x64,
    0x65, 0x00, 0x67, 0x72, 0x61, 0x64, 0x69, 0x65, 0x6e, 0x74, 0x5f, 0x70,
    0x31, 0x00, 0x66, 0x6c, 0x6f, 0x61, 0x74, 0x34, 0x00, 0xab, 0xab, 0xab,
    0x01, 0x00, 0x03, 0x00, 0x01, 0x00, 0x04, 0x00, 0x00, 0x00, 0x00, 0x00,
    0x00, 0x00, 0x00, 0x00, 0x00, 0x00, 0x00, 0x00, 0x00, 0x00, 0x00, 0x00,
    0x00, 0x00, 0x00, 0x00, 0x00, 0x00, 0x00, 0x00, 0x2a, 0x02, 0x00, 0x00,
    0x67, 0x72, 0x61, 0x64, 0x69, 0x65, 0x6e, 0x74, 0x5f, 0x70, 0x32, 0x00,
    0x62, 0x6c, 0x65, 0x6e, 0x64, 0x5f, 0x6d, 0x6f, 0x64, 0x65, 0x00, 0x5f,
    0x70, 0x61, 0x64, 0x31, 0x00, 0x66, 0x6c, 0x6f, 0x61, 0x74, 0x33, 0x00,
    0x01, 0x00, 0x03, 0x00, 0x01, 0x00, 0x03, 0x00, 0x00, 0x00, 0x00, 0x00,
    0x00, 0x00, 0x00, 0x00, 0x00, 0x00, 0x00, 0x00, 0x00, 0x00, 0x00, 0x00,
    0x00, 0x00, 0x00, 0x00, 0x00, 0x00, 0x00, 0x00, 0x75, 0x02, 0x00, 0x00,
    0x4d, 0x69, 0x63, 0x72, 0x6f, 0x73, 0x6f, 0x66, 0x74, 0x20, 0x28, 0x52,
    0x29, 0x20, 0x48, 0x4c, 0x53, 0x4c, 0x20, 0x53, 0x68, 0x61, 0x64, 0x65,
    0x72, 0x20, 0x43, 0x6f, 0x6d, 0x70, 0x69, 0x6c, 0x65, 0x72, 0x20, 0x31,
    0x30, 0x2e, 0x31, 0x00, 0x49, 0x53, 0x47, 0x4e, 0x44, 0x00, 0x00, 0x00,
    0x02, 0x00, 0x00, 0x00, 0x08, 0x00, 0x00, 0x00, 0x38, 0x00, 0x00, 0x00,
    0x00, 0x00, 0x00, 0x00, 0x00, 0x00, 0x00, 0x00, 0x03, 0x00, 0x00, 0x00,
    0x00, 0x00, 0x00, 0x00, 0x07, 0x07, 0x00, 0x00, 0x38, 0x00, 0x00, 0x00,
    0x01, 0x00, 0x00, 0x00, 0x00, 0x00, 0x00, 0x00, 0x03, 0x00, 0x00, 0x00,
    0x01, 0x00, 0x00, 0x00, 0x03, 0x03, 0x00, 0x00, 0x54, 0x45, 0x58, 0x43,
    0x4f, 0x4f, 0x52, 0x44, 0x00, 0xab, 0xab, 0xab, 0x4f, 0x53, 0x47, 0x4e,
    0xc8, 0x00, 0x00, 0x00, 0x07, 0x00, 0x00, 0x00, 0x08, 0x00, 0x00, 0x00,
    0xb0, 0x00, 0x00, 0x00, 0x00, 0x00, 0x00, 0x00, 0x01, 0x00, 0x00, 0x00,
    0x03, 0x00, 0x00, 0x00, 0x00, 0x00, 0x00, 0x00, 0x0f, 0x00, 0x00, 0x00,
    0xbc, 0x00, 0x00, 0x00, 0x00, 0x00, 0x00, 0x00, 0x00, 0x00, 0x00, 0x00,
    0x03, 0x00, 0x00, 0x00, 0x01, 0x00, 0x00, 0x00, 0x03, 0x0c, 0x00, 0x00,
    0xbc, 0x00, 0x00, 0x00, 0x01, 0x00, 0x00, 0x00, 0x00, 0x00, 0x00, 0x00,
    0x03, 0x00, 0x00, 0x00, 0x01, 0x00, 0x00, 0x00, 0x04, 0x0b, 0x00, 0x00,
    0xbc, 0x00, 0x00, 0x00, 0x04, 0x00, 0x00, 0x00, 0x00, 0x00, 0x00, 0x00,
    0x03, 0x00, 0x00, 0x00, 0x01, 0x00, 0x00, 0x00, 0x08, 0x07, 0x00, 0x00,
    0xbc, 0x00, 0x00, 0x00, 0x02, 0x00, 0x00, 0x00, 0x00, 0x00, 0x00, 0x00,
    0x03, 0x00, 0x00, 0x00, 0x02, 0x00, 0x00, 0x00, 0x0f, 0x00, 0x00, 0x00,
    0xbc, 0x00, 0x00, 0x00, 0x03, 0x00, 0x00, 0x00, 0x00, 0x00, 0x00, 0x00,
    0x03, 0x00, 0x00, 0x00, 0x03, 0x00, 0x00, 0x00, 0x0f, 0x00, 0x00, 0x00,
    0xbc, 0x00, 0x00, 0x00, 0x05, 0x00, 0x00, 0x00, 0x00, 0x00, 0x00, 0x00,
    0x03, 0x00, 0x00, 0x00, 0x04, 0x00, 0x00, 0x00, 0x01, 0x0e, 0x00, 0x00,
    0x53, 0x56, 0x5f, 0x50, 0x4f, 0x53, 0x49, 0x54, 0x49, 0x4f, 0x4e, 0x00,
    0x54, 0x45, 0x58, 0x43, 0x4f, 0x4f, 0x52, 0x44, 0x00, 0xab, 0xab, 0xab,
    0x53, 0x48, 0x45, 0x58, 0xf4, 0x01, 0x00, 0x00, 0x51, 0x00, 0x01, 0x00,
    0x7d, 0x00, 0x00, 0x00, 0x6a, 0x08, 0x00, 0x01, 0x59, 0x00, 0x00, 0x07,
    0x46, 0x8e, 0x30, 0x00, 0x00, 0x00, 0x00, 0x00, 0x00, 0x00, 0x00, 0x00,
    0x00, 0x00, 0x00, 0x00, 0x04, 0x00, 0x00, 0x00, 0x00, 0x00, 0x00, 0x00,
    0x5f, 0x00, 0x00, 0x03, 0x72, 0x10, 0x10, 0x00, 0x00, 0x00, 0x00, 0x00,
    0x5f, 0x00, 0x00, 0x03, 0x32, 0x10, 0x10, 0x00, 0x01, 0x00, 0x00, 0x00,
    0x67, 0x00, 0x00, 0x04, 0xf2, 0x20, 0x10, 0x00, 0x00, 0x00, 0x00, 0x00,
    0x01, 0x00, 0x00, 0x00, 0x65, 0x00, 0x00, 0x03, 0x32, 0x20, 0x10, 0x00,
    0x01, 0x00, 0x00, 0x00, 0x65, 0x00, 0x00, 0x03, 0x42, 0x20, 0x10, 0x00,
    0x01, 0x00, 0x00, 0x00, 0x65, 0x00, 0x00, 0x03, 0x82, 0x20, 0x10, 0x00,
    0x01, 0x00, 0x00, 0x00, 0x65, 0x00, 0x00, 0x03, 0xf2, 0x20, 0x10, 0x00,
    0x02, 0x00, 0x00, 0x00, 0x65, 0x00, 0x00, 0x03, 0xf2, 0x20, 0x10, 0x00,
    0x03, 0x00, 0x00, 0x00, 0x65, 0x00, 0x00, 0x03, 0x12, 0x20, 0x10, 0x00,
    0x04, 0x00, 0x00, 0x00, 0x68, 0x00, 0x00, 0x02, 0x01, 0x00, 0x00, 0x00,
    0x00, 0x00, 0x00, 0x07, 0x32, 0x00, 0x10, 0x00, 0x00, 0x00, 0x00, 0x00,
    0x46, 0x10, 0x10, 0x00, 0x00, 0x00, 0x00, 0x00, 0x46, 0x10, 0x10, 0x00,
    0x00, 0x00, 0x00, 0x00, 0x0e, 0x00, 0x00, 0x09, 0x32, 0x00, 0x10, 0x00,
    0x00, 0x00, 0x00, 0x00, 0x46, 0x00, 0x10, 0x00, 0x00, 0x00, 0x00, 0x00,
    0x46, 0x80, 0x30, 0x00, 0x00, 0x00, 0x00, 0x00, 0x00, 0x00, 0x00, 0x00,
    0x00, 0x00, 0x00, 0x00, 0x00, 0x00, 0x00, 0x08, 0x32, 0x00, 0x10, 0x00,
    0x00, 0x00, 0x00, 0x00, 0x46, 0x00, 0x10, 0x00, 0x00, 0x00, 0x00, 0x00,
    0xa6, 0x1a, 0x10, 0x80, 0x41, 0x00, 0x00, 0x00, 0x00, 0x00, 0x00, 0x00,
    0x38, 0x00, 0x00, 0x0a, 0x32, 0x20, 0x10, 0x00, 0x00, 0x00, 0x00, 0x00,
    0x46, 0x00, 0x10, 0x00, 0x00, 0x00, 0x00, 0x00, 0x02, 0x40, 0x00, 0x00,
    0x00, 0x00, 0x80, 0x3f, 0x00, 0x00, 0x80, 0xbf, 0x00, 0x00, 0x00, 0x00,
    0x00, 0x00, 0x00, 0x00, 0x36, 0x00, 0x00, 0x05, 0x42, 0x20, 0x10, 0x00,
    0x00, 0x00, 0x00, 0x00, 0x01, 0x40, 0x00, 0x00, 0x00, 0x00, 0x00, 0x00,
    0x36, 0x00, 0x00, 0x05, 0x82, 0x20, 0x10, 0x00, 0x00, 0x00, 0x00, 0x00,
    0x2a, 0x10, 0x10, 0x00, 0x00, 0x00, 0x00, 0x00, 0x36, 0x00, 0x00, 0x05,
    0x32, 0x20, 0x10, 0x00, 0x01, 0x00, 0x00, 0x00, 0x46, 0x10, 0x10, 0x00,
    0x01, 0x00, 0x00, 0x00, 0x36, 0x00, 0x00, 0x07, 0x42, 0x20, 0x10, 0x00,
    0x01, 0x00, 0x00, 0x00, 0x2a, 0x80, 0x30, 0x00, 0x00, 0x00, 0x00, 0x00,
    0x00, 0x00, 0x00, 0x00, 0x00, 0x00, 0x00, 0x00, 0x36, 0x00, 0x00, 0x07,
    0x82, 0x20, 0x10, 0x00, 0x01, 0x00, 0x00, 0x00, 0x0a, 0x80, 0x30, 0x00,
    0x00, 0x00, 0x00, 0x00, 0x00, 0x00, 0x00, 0x00, 0x03, 0x00, 0x00, 0x00,
    0x36, 0x00, 0x00, 0x07, 0xf2, 0x20, 0x10, 0x00, 0x02, 0x00, 0x00, 0x00,
    0x46, 0x8e, 0x30, 0x00, 0x00, 0x00, 0x00, 0x00, 0x00, 0x00, 0x00, 0x00,
    0x01, 0x00, 0x00, 0x00, 0x36, 0x00, 0x00, 0x07, 0xf2, 0x20, 0x10, 0x00,
    0x03, 0x00, 0x00, 0x00, 0x46, 0x8e, 0x30, 0x00, 0x00, 0x00, 0x00, 0x00,
    0x00, 0x00, 0x00, 0x00, 0x02, 0x00, 0x00, 0x00, 0x36, 0x00, 0x00, 0x07,
    0x12, 0x20, 0x10, 0x00, 0x04, 0x00, 0x00, 0x00, 0x3a, 0x80, 0x30, 0x00,
    0x00, 0x00, 0x00, 0x00, 0x00, 0x00, 0x00, 0x00, 0x00, 0x00, 0x00, 0x00,
    0x3e, 0x00, 0x00, 0x01, 0x53, 0x54, 0x41, 0x54, 0x94, 0x00, 0x00, 0x00,
    0x0d, 0x00, 0x00, 0x00, 0x01, 0x00, 0x00, 0x00, 0x00, 0x00, 0x00, 0x00,
    0x09, 0x00, 0x00, 0x00, 0x04, 0x00, 0x00, 0x00, 0x00, 0x00, 0x00, 0x00,
    0x00, 0x00, 0x00, 0x00, 0x01, 0x00, 0x00, 0x00, 0x00, 0x00, 0x00, 0x00,
    0x00, 0x00, 0x00, 0x00, 0x00, 0x00, 0x00, 0x00, 0x00, 0x00, 0x00, 0x00,
    0x00, 0x00, 0x00, 0x00, 0x00, 0x00, 0x00, 0x00, 0x00, 0x00, 0x00, 0x00,
    0x00, 0x00, 0x00, 0x00, 0x00, 0x00, 0x00, 0x00, 0x00, 0x00, 0x00, 0x00,
    0x00, 0x00, 0x00, 0x00, 0x08, 0x00, 0x00, 0x00, 0x00, 0x00, 0x00, 0x00,
    0x00, 0x00, 0x00, 0x00, 0x00, 0x00, 0x00, 0x00, 0x00, 0x00, 0x00, 0x00,
    0x00, 0x00, 0x00, 0x00, 0x00, 0x00, 0x00, 0x00, 0x00, 0x00, 0x00, 0x00,
    0x00, 0x00, 0x00, 0x00, 0x00, 0x00, 0x00, 0x00, 0x00, 0x00, 0x00, 0x00,
    0x00, 0x00, 0x00, 0x00, 0x00, 0x00, 0x00, 0x00, 0x00, 0x00, 0x00, 0x00,
    0x00, 0x00, 0x00, 0x00, 0x00, 0x00, 0x00, 0x00, 0x00, 0x00, 0x00, 0x00,
    0x00, 0x00, 0x00, 0x00,
};

static const unsigned int kshader_mask_vs_csoSize = 1720;

static const unsigned char kshader_mask_ps_cso[] = {
    0x44, 0x58, 0x42, 0x43, 0x7e, 0x6e, 0xc8, 0xa4, 0x5c, 0xf8, 0xda, 0x08,
    0x13, 0xeb, 0x46, 0xd6, 0xff, 0x82, 0x3c, 0xf8, 0x01, 0x00, 0x00, 0x00,
    0x70, 0x0b, 0x00, 0x00, 0x05, 0x00, 0x00, 0x00, 0x34, 0x00, 0x00, 0x00,
    0x30, 0x01, 0x00, 0x00, 0x00, 0x02, 0x00, 0x00, 0x34, 0x02, 0x00, 0x00,
    0xd4, 0x0a, 0x00, 0x00, 0x52, 0x44, 0x45, 0x46, 0xf4, 0x00, 0x00, 0x00,
    0x00, 0x00, 0x00, 0x00, 0x00, 0x00, 0x00, 0x00, 0x03, 0x00, 0x00, 0x00,
    0x3c, 0x00, 0x00, 0x00, 0x01, 0x05, 0xff, 0xff, 0x00, 0x05, 0x00, 0x00,
    0xcb, 0x00, 0x00, 0x00, 0x13, 0x13, 0x44, 0x25, 0x3c, 0x00, 0x00, 0x00,
    0x18, 0x00, 0x00, 0x00, 0x28, 0x00, 0x00, 0x00, 0x28, 0x00, 0x00, 0x00,
    0x24, 0x00, 0x00, 0x00, 0x0c, 0x00, 0x00, 0x00, 0x00, 0x00, 0x00, 0x00,
    0xb4, 0x00, 0x00, 0x00, 0x03, 0x00, 0x00, 0x00, 0x00, 0x00, 0x00, 0x00,
    0x00, 0x00, 0x00, 0x00, 0x00, 0x00, 0x00, 0x00, 0x02, 0x00, 0x00, 0x00,
    0x01, 0x00, 0x00, 0x00, 0x00, 0x00, 0x00, 0x00, 0x01, 0x00, 0x00, 0x00,
    0x00, 0x00, 0x00, 0x00, 0xb9, 0x00, 0x00, 0x00, 0x02, 0x00, 0x00, 0x00,
    0x05, 0x00, 0x00, 0x00, 0x04, 0x00, 0x00, 0x00, 0xff, 0xff, 0xff, 0xff,
    0x00, 0x00, 0x00, 0x00, 0x01, 0x00, 0x00, 0x00, 0x0c, 0x00, 0x00, 0x00,
    0x01, 0x00, 0x00, 0x00, 0x00, 0x00, 0x00, 0x00, 0xc3, 0x00, 0x00, 0x00,
    0x02, 0x00, 0x00, 0x00, 0x05, 0x00, 0x00, 0x00, 0x04, 0x00, 0x00, 0x00,
    0xff, 0xff, 0xff, 0xff, 0x01, 0x00, 0x00, 0x00, 0x01, 0x00, 0x00, 0x00,
    0x0c, 0x00, 0x00, 0x00, 0x01, 0x00, 0x00, 0x00, 0x01, 0x00, 0x00, 0x00,
    0x67, 0x53, 0x6d, 0x70, 0x00, 0x67, 0x43, 0x68, 0x69, 0x6c, 0x64, 0x54,
    0x65, 0x78, 0x00, 0x67, 0x4c, 0x75, 0x74, 0x54, 0x65, 0x78, 0x00, 0x4d,
    0x69, 0x63, 0x72, 0x6f, 0x73, 0x6f, 0x66, 0x74, 0x20, 0x28, 0x52, 0x29,
    0x20, 0x48, 0x4c, 0x53, 0x4c, 0x20, 0x53, 0x68, 0x61, 0x64, 0x65, 0x72,
    0x20, 0x43, 0x6f, 0x6d, 0x70, 0x69, 0x6c, 0x65, 0x72, 0x20, 0x31, 0x30,
    0x2e, 0x31, 0x00, 0xab, 0x49, 0x53, 0x47, 0x4e, 0xc8, 0x00, 0x00, 0x00,
    0x07, 0x00, 0x00, 0x00, 0x08, 0x00, 0x00, 0x00, 0xb0, 0x00, 0x00, 0x00,
    0x00, 0x00, 0x00, 0x00, 0x01, 0x00, 0x00, 0x00, 0x03, 0x00, 0x00, 0x00,
    0x00, 0x00, 0x00, 0x00, 0x0f, 0x03, 0x00, 0x00, 0xbc, 0x00, 0x00, 0x00,
    0x00, 0x00, 0x00, 0x00, 0x00, 0x00, 0x00, 0x00, 0x03, 0x00, 0x00, 0x00,
    0x01, 0x00, 0x00, 0x00, 0x03, 0x03, 0x00, 0x00, 0xbc, 0x00, 0x00, 0x00,
    0x01, 0x00, 0x00, 0x00, 0x00, 0x00, 0x00, 0x00, 0x03, 0x00, 0x00, 0x00,
    0x01, 0x00, 0x00, 0x00, 0x04, 0x04, 0x00, 0x00, 0xbc, 0x00, 0x00, 0x00,
    0x04, 0x00, 0x00, 0x00, 0x00, 0x00, 0x00, 0x00, 0x03, 0x00, 0x00, 0x00,
    0x01, 0x00, 0x00, 0x00, 0x08, 0x08, 0x00, 0x00, 0xbc, 0x00, 0x00, 0x00,
    0x02, 0x00, 0x00, 0x00, 0x00, 0x00, 0x00, 0x00, 0x03, 0x00, 0x00, 0x00,
    0x02, 0x00, 0x00, 0x00, 0x0f, 0x03, 0x00, 0x00, 0xbc, 0x00, 0x00, 0x00,
    0x03, 0x00, 0x00, 0x00, 0x00, 0x00, 0x00, 0x00, 0x03, 0x00, 0x00, 0x00,
    0x03, 0x00, 0x00, 0x00, 0x0f, 0x03, 0x00, 0x00, 0xbc, 0x00, 0x00, 0x00,
    0x05, 0x00, 0x00, 0x00, 0x00, 0x00, 0x00, 0x00, 0x03, 0x00, 0x00, 0x00,
    0x04, 0x00, 0x00, 0x00, 0x01, 0x01, 0x00, 0x00, 0x53, 0x56, 0x5f, 0x50,
    0x4f, 0x53, 0x49, 0x54, 0x49, 0x4f, 0x4e, 0x00, 0x54, 0x45, 0x58, 0x43,
    0x4f, 0x4f, 0x52, 0x44, 0x00, 0xab, 0xab, 0xab, 0x4f, 0x53, 0x47, 0x4e,
    0x2c, 0x00, 0x00, 0x00, 0x01, 0x00, 0x00, 0x00, 0x08, 0x00, 0x00, 0x00,
    0x20, 0x00, 0x00, 0x00, 0x00, 0x00, 0x00, 0x00, 0x00, 0x00, 0x00, 0x00,
    0x03, 0x00, 0x00, 0x00, 0x00, 0x00, 0x00, 0x00, 0x0f, 0x00, 0x00, 0x00,
    0x53, 0x56, 0x5f, 0x54, 0x41, 0x52, 0x47, 0x45, 0x54, 0x00, 0xab, 0xab,
    0x53, 0x48, 0x45, 0x58, 0x98, 0x08, 0x00, 0x00, 0x51, 0x00, 0x00, 0x00,
    0x26, 0x02, 0x00, 0x00, 0x6a, 0x08, 0x00, 0x01, 0x5a, 0x00, 0x00, 0x06,
    0x46, 0x6e, 0x30, 0x00, 0x00, 0x00, 0x00, 0x00, 0x02, 0x00, 0x00, 0x00,
    0x02, 0x00, 0x00, 0x00, 0x01, 0x00, 0x00, 0x00, 0x58, 0x18, 0x00, 0x07,
    0x46, 0x7e, 0x30, 0x00, 0x00, 0x00, 0x00, 0x00, 0x00, 0x00, 0x00, 0x00,
    0x00, 0x00, 0x00, 0x00, 0x55, 0x55, 0x00, 0x00, 0x01, 0x00, 0x00, 0x00,
    0x58, 0x18, 0x00, 0x07, 0x46, 0x7e, 0x30, 0x00, 0x01, 0x00, 0x00, 0x00,
    0x01, 0x00, 0x00, 0x00, 0x01, 0x00, 0x00, 0x00, 0x55, 0x55, 0x00, 0x00,
    0x01, 0x00, 0x00, 0x00, 0x64, 0x20, 0x00, 0x04, 0x32, 0x10, 0x10, 0x00,
    0x00, 0x00, 0x00, 0x00, 0x01, 0x00, 0x00, 0x00, 0x62, 0x10, 0x00, 0x03,
    0x32, 0x10, 0x10, 0x00, 0x01, 0x00, 0x00, 0x00, 0x62, 0x10, 0x00, 0x03,
    0x42, 0x10, 0x10, 0x00, 0x01, 0x00, 0x00, 0x00, 0x62, 0x10, 0x00, 0x03,
    0x82, 0x10, 0x10, 0x00, 0x01, 0x00, 0x00, 0x00, 0x62, 0x10, 0x00, 0x03,
    0x32, 0x10, 0x10, 0x00, 0x02, 0x00, 0x00, 0x00, 0x62, 0x10, 0x00, 0x03,
    0x32, 0x10, 0x10, 0x00, 0x03, 0x00, 0x00, 0x00, 0x62, 0x10, 0x00, 0x03,
    0x12, 0x10, 0x10, 0x00, 0x04, 0x00, 0x00, 0x00, 0x65, 0x00, 0x00, 0x03,
    0xf2, 0x20, 0x10, 0x00, 0x00, 0x00, 0x00, 0x00, 0x68, 0x00, 0x00, 0x02,
    0x04, 0x00, 0x00, 0x00, 0x45, 0x00, 0x00, 0x0b, 0xf2, 0x00, 0x10, 0x00,
    0x00, 0x00, 0x00, 0x00, 0x46, 0x10, 0x10, 0x00, 0x01, 0x00, 0x00, 0x00,
    0x46, 0x7e, 0x20, 0x00, 0x00, 0x00, 0x00, 0x00, 0x00, 0x00, 0x00, 0x00,
    0x00, 0x60, 0x20, 0x00, 0x00, 0x00, 0x00, 0x00, 0x02, 0x00, 0x00, 0x00,
    0x31, 0x00, 0x00, 0x0a, 0x32, 0x00, 0x10, 0x00, 0x01, 0x00, 0x00, 0x00,
    0xe6, 0x1a, 0x10, 0x00, 0x01, 0x00, 0x00, 0x00, 0x02, 0x40, 0x00, 0x00,
    0x00, 0x00, 0x00, 0x3f, 0x00, 0x00, 0x00, 0x3f, 0x00, 0x00, 0x00, 0x00,
    0x00, 0x00, 0x00, 0x00, 0x1f, 0x00, 0x04, 0x03, 0x0a, 0x00, 0x10, 0x00,
    0x01, 0x00, 0x00, 0x00, 0x00, 0x00, 0x00, 0x08, 0x52, 0x00, 0x10, 0x00,
    0x01, 0x00, 0x00, 0x00, 0x06, 0x11, 0x10, 0x80, 0x41, 0x00, 0x00, 0x00,
    0x02, 0x00, 0x00, 0x00, 0x06, 0x11, 0x10, 0x00, 0x03, 0x00, 0x00, 0x00,
    0x0f, 0x00, 0x00, 0x07, 0x82, 0x00, 0x10, 0x00, 0x01, 0x00, 0x00, 0x00,
    0x86, 0x00, 0x10, 0x00, 0x01, 0x00, 0x00, 0x00, 0x86, 0x00, 0x10, 0x00,
    0x01, 0x00, 0x00, 0x00, 0x31, 0x00, 0x00, 0x07, 0x12, 0x00, 0x10, 0x00,
    0x02, 0x00, 0x00, 0x00, 0x01, 0x40, 0x00, 0x00, 0x17, 0xb7, 0xd1, 0x38,
    0x3a, 0x00, 0x10, 0x00, 0x01, 0x00, 0x00, 0x00, 0x00, 0x00, 0x00, 0x08,
    0x62, 0x00, 0x10, 0x00, 0x02, 0x00, 0x00, 0x00, 0x06, 0x11, 0x10, 0x00,
    0x00, 0x00, 0x00, 0x00, 0x06, 0x11, 0x10, 0x80, 0x41, 0x00, 0x00, 0x00,
    0x02, 0x00, 0x00, 0x00, 0x0f, 0x00, 0x00, 0x07, 0x12, 0x00, 0x10, 0x00,
    0x01, 0x00, 0x00, 0x00, 0x96, 0x05, 0x10, 0x00, 0x02, 0x00, 0x00, 0x00,
    0x86, 0x00, 0x10, 0x00, 0x01, 0x00, 0x00, 0x00, 0x0e, 0x00, 0x00, 0x07,
    0x12, 0x00, 0x10, 0x00, 0x01, 0x00, 0x00, 0x00, 0x0a, 0x00, 0x10, 0x00,
    0x01, 0x00, 0x00, 0x00, 0x3a, 0x00, 0x10, 0x00, 0x01, 0x00, 0x00, 0x00,
    0x01, 0x00, 0x00, 0x07, 0x12, 0x00, 0x10, 0x00, 0x02, 0x00, 0x00, 0x00,
    0x0a, 0x00, 0x10, 0x00, 0x01, 0x00, 0x00, 0x00, 0x0a, 0x00, 0x10, 0x00,
    0x02, 0x00, 0x00, 0x00, 0x12, 0x00, 0x00, 0x01, 0x31, 0x00, 0x00, 0x07,
    0x12, 0x00, 0x10, 0x00, 0x01, 0x00, 0x00, 0x00, 0x2a, 0x10, 0x10, 0x00,
    0x01, 0x00, 0x00, 0x00, 0x01, 0x40, 0x00, 0x00, 0x00, 0x00, 0xc0, 0x3f,
    0x1f, 0x00, 0x04, 0x03, 0x0a, 0x00, 0x10, 0x00, 0x01, 0x00, 0x00, 0x00,
    0x31, 0x00, 0x00, 0x07, 0x12, 0x00, 0x10, 0x00, 0x01, 0x00, 0x00, 0x00,
    0x01, 0x40, 0x00, 0x00, 0x17, 0xb7, 0xd1, 0x38, 0x0a, 0x10, 0x10, 0x00,
    0x03, 0x00, 0x00, 0x00, 0x00, 0x00, 0x00, 0x08, 0xc2, 0x00, 0x10, 0x00,
    0x01, 0x00, 0x00, 0x00, 0x06, 0x14, 0x10, 0x00, 0x00, 0x00, 0x00, 0x00,
    0x06, 0x14, 0x10, 0x80, 0x41, 0x00, 0x00, 0x00, 0x02, 0x00, 0x00, 0x00,
    0x0f, 0x00, 0x00, 0x07, 0x42, 0x00, 0x10, 0x00, 0x01, 0x00, 0x00, 0x00,
    0xe6, 0x0a, 0x10, 0x00, 0x01, 0x00, 0x00, 0x00, 0xe6, 0x0a, 0x10, 0x00,
    0x01, 0x00, 0x00, 0x00, 0x4b, 0x00, 0x00, 0x05, 0x42, 0x00, 0x10, 0x00,
    0x01, 0x00, 0x00, 0x00, 0x2a, 0x00, 0x10, 0x00, 0x01, 0x00, 0x00, 0x00,
    0x0e, 0x00, 0x00, 0x07, 0x42, 0x00, 0x10, 0x00, 0x01, 0x00, 0x00, 0x00,
    0x2a, 0x00, 0x10, 0x00, 0x01, 0x00, 0x00, 0x00, 0x0a, 0x10, 0x10, 0x00,
    0x03, 0x00, 0x00, 0x00, 0x01, 0x00, 0x00, 0x07, 0x12, 0x00, 0x10, 0x00,
    0x02, 0x00, 0x00, 0x00, 0x2a, 0x00, 0x10, 0x00, 0x01, 0x00, 0x00, 0x00,
    0x0a, 0x00, 0x10, 0x00, 0x01, 0x00, 0x00, 0x00, 0x12, 0x00, 0x00, 0x01,
    0x00, 0x00, 0x00, 0x08, 0x52, 0x00, 0x10, 0x00, 0x01, 0x00, 0x00, 0x00,
    0x56, 0x14, 0x10, 0x00, 0x00, 0x00, 0x00, 0x00, 0x56, 0x14, 0x10, 0x80,
    0x41, 0x00, 0x00, 0x00, 0x02, 0x00, 0x00, 0x00, 0x33, 0x00, 0x00, 0x09,
    0x82, 0x00, 0x10, 0x00, 0x01, 0x00, 0x00, 0x00, 0x2a, 0x00, 0x10, 0x80,
    0x81, 0x00, 0x00, 0x00, 0x01, 0x00, 0x00, 0x00, 0x0a, 0x00, 0x10, 0x80,
    0x81, 0x00, 0x00, 0x00, 0x01, 0x00, 0x00, 0x00, 0x34, 0x00, 0x00, 0x09,
    0x42, 0x00, 0x10, 0x00, 0x02, 0x00, 0x00, 0x00, 0x2a, 0x00, 0x10, 0x80,
    0x81, 0x00, 0x00, 0x00, 0x01, 0x00, 0x00, 0x00, 0x0a, 0x00, 0x10, 0x80,
    0x81, 0x00, 0x00, 0x00, 0x01, 0x00, 0x00, 0x00, 0x0e, 0x00, 0x00, 0x0a,
    0x42, 0x00, 0x10, 0x00, 0x02, 0x00, 0x00, 0x00, 0x02, 0x40, 0x00, 0x00,
    0x00, 0x00, 0x80, 0x3f, 0x00, 0x00, 0x80, 0x3f, 0x00, 0x00, 0x80, 0x3f,
    0x00, 0x00, 0x80, 0x3f, 0x2a, 0x00, 0x10, 0x00, 0x02, 0x00, 0x00, 0x00,
    0x38, 0x00, 0x00, 0x07, 0x82, 0x00, 0x10, 0x00, 0x01, 0x00, 0x00, 0x00,
    0x3a, 0x00, 0x10, 0x00, 0x01, 0x00, 0x00, 0x00, 0x2a, 0x00, 0x10, 0x00,
    0x02, 0x00, 0x00, 0x00, 0x38, 0x00, 0x00, 0x07, 0x42, 0x00, 0x10, 0x00,
    0x02, 0x00, 0x00, 0x00, 0x3a, 0x00, 0x10, 0x00, 0x01, 0x00, 0x00, 0x00,
    0x3a, 0x00, 0x10, 0x00, 0x01, 0x00, 0x00, 0x00, 0x32, 0x00, 0x00, 0x09,
    0x82, 0x00, 0x10, 0x00, 0x02, 0x00, 0x00, 0x00, 0x2a, 0x00, 0x10, 0x00,
    0x02, 0x00, 0x00, 0x00, 0x01, 0x40, 0x00, 0x00, 0x5f, 0xae, 0xaa, 0x3c,
    0x01, 0x40, 0x00, 0x00, 0x36, 0x5a, 0xae, 0xbd, 0x32, 0x00, 0x00, 0x09,
    0x82, 0x00, 0x10, 0x00, 0x02, 0x00, 0x00, 0x00, 0x2a, 0x00, 0x10, 0x00,
    0x02, 0x00, 0x00, 0x00, 0x3a, 0x00, 0x10, 0x00, 0x02, 0x00, 0x00, 0x00,
    0x01, 0x40, 0x00, 0x00, 0xe2, 0x76, 0x38, 0x3e, 0x32, 0x00, 0x00, 0x09,
    0x82, 0x00, 0x10, 0x00, 0x02, 0x00, 0x00, 0x00, 0x2a, 0x00, 0x10, 0x00,
    0x02, 0x00, 0x00, 0x00, 0x3a, 0x00, 0x10, 0x00, 0x02, 0x00, 0x00, 0x00,
    0x01, 0x40, 0x00, 0x00, 0x04, 0x1d, 0xa9, 0xbe, 0x32, 0x00, 0x00, 0x09,
    0x42, 0x00, 0x10, 0x00, 0x02, 0x00, 0x00, 0x00, 0x2a, 0x00, 0x10, 0x00,
    0x02, 0x00, 0x00, 0x00, 0x3a, 0x00, 0x10, 0x00, 0x02, 0x00, 0x00, 0x00,
    0x01, 0x40, 0x00, 0x00, 0x38, 0xf7, 0x7f, 0x3f, 0x38, 0x00, 0x00, 0x07,
    0x82, 0x00, 0x10, 0x00, 0x02, 0x00, 0x00, 0x00, 0x3a, 0x00, 0x10, 0x00,
    0x01, 0x00, 0x00, 0x00, 0x2a, 0x00, 0x10, 0x00, 0x02, 0x00, 0x00, 0x00,
    0x31, 0x00, 0x00, 0x09, 0x12, 0x00, 0x10, 0x00, 0x03, 0x00, 0x00, 0x00,
    0x2a, 0x00, 0x10, 0x80, 0x81, 0x00, 0x00, 0x00, 0x01, 0x00, 0x00, 0x00,
    0x0a, 0x00, 0x10, 0x80, 0x81, 0x00, 0x00, 0x00, 0x01, 0x00, 0x00, 0x00,
    0x32, 0x00, 0x00, 0x09, 0x82, 0x00, 0x10, 0x00, 0x02, 0x00, 0x00, 0x00,
    0x3a, 0x00, 0x10, 0x00, 0x02, 0x00, 0x00, 0x00, 0x01, 0x40, 0x00, 0x00,
    0x00, 0x00, 0x00, 0xc0, 0x01, 0x40, 0x00, 0x00, 0xdb, 0x0f, 0xc9, 0x3f,
    0x01, 0x00, 0x00, 0x07, 0x82, 0x00, 0x10, 0x00, 0x02, 0x00, 0x00, 0x00,
    0x0a, 0x00, 0x10, 0x00, 0x03, 0x00, 0x00, 0x00, 0x3a, 0x00, 0x10, 0x00,
    0x02, 0x00, 0x00, 0x00, 0x32, 0x00, 0x00, 0x09, 0x82, 0x00, 0x10, 0x00,
    0x01, 0x00, 0x00, 0x00, 0x3a, 0x00, 0x10, 0x00, 0x01, 0x00, 0x00, 0x00,
    0x2a, 0x00, 0x10, 0x00, 0x02, 0x00, 0x00, 0x00, 0x3a, 0x00, 0x10, 0x00,
    0x02, 0x00, 0x00, 0x00, 0x31, 0x00, 0x00, 0x08, 0x42, 0x00, 0x10, 0x00,
    0x02, 0x00, 0x00, 0x00, 0x2a, 0x00, 0x10, 0x00, 0x01, 0x00, 0x00, 0x00,
    0x2a, 0x00, 0x10, 0x80, 0x41, 0x00, 0x00, 0x00, 0x01, 0x00, 0x00, 0x00,
    0x01, 0x00, 0x00, 0x07, 0x42, 0x00, 0x10, 0x00, 0x02, 0x00, 0x00, 0x00,
    0x2a, 0x00, 0x10, 0x00, 0x02, 0x00, 0x00, 0x00, 0x01, 0x40, 0x00, 0x00,
    0xdb, 0x0f, 0x49, 0xc0, 0x00, 0x00, 0x00, 0x07, 0x82, 0x00, 0x10, 0x00,
    0x01, 0x00, 0x00, 0x00, 0x3a, 0x00, 0x10, 0x00, 0x01, 0x00, 0x00, 0x00,
    0x2a, 0x00, 0x10, 0x00, 0x02, 0x00, 0x00, 0x00, 0x33, 0x00, 0x00, 0x07,
    0x42, 0x00, 0x10, 0x00, 0x02, 0x00, 0x00, 0x00, 0x2a, 0x00, 0x10, 0x00,
    0x01, 0x00, 0x00, 0x00, 0x0a, 0x00, 0x10, 0x00, 0x01, 0x00, 0x00, 0x00,
    0x34, 0x00, 0x00, 0x07, 0x12, 0x00, 0x10, 0x00, 0x01, 0x00, 0x00, 0x00,
    0x2a, 0x00, 0x10, 0x00, 0x01, 0x00, 0x00, 0x00, 0x0a, 0x00, 0x10, 0x00,
    0x01, 0x00, 0x00, 0x00, 0x31, 0x00, 0x00, 0x08, 0x42, 0x00, 0x10, 0x00,
    0x01, 0x00, 0x00, 0x00, 0x2a, 0x00, 0x10, 0x00, 0x02, 0x00, 0x00, 0x00,
    0x2a, 0x00, 0x10, 0x80, 0x41, 0x00, 0x00, 0x00, 0x02, 0x00, 0x00, 0x00,
    0x1d, 0x00, 0x00, 0x08, 0x12, 0x00, 0x10, 0x00, 0x01, 0x00, 0x00, 0x00,
    0x0a, 0x00, 0x10, 0x00, 0x01, 0x00, 0x00, 0x00, 0x0a, 0x00, 0x10, 0x80,
    0x41, 0x00, 0x00, 0x00, 0x01, 0x00, 0x00, 0x00, 0x01, 0x00, 0x00, 0x07,
    0x12, 0x00, 0x10, 0x00, 0x01, 0x00, 0x00, 0x00, 0x0a, 0x00, 0x10, 0x00,
    0x01, 0x00, 0x00, 0x00, 0x2a, 0x00, 0x10, 0x00, 0x01, 0x00, 0x00, 0x00,
    0x37, 0x00, 0x00, 0x0a, 0x12, 0x00, 0x10, 0x00, 0x01, 0x00, 0x00, 0x00,
    0x0a, 0x00, 0x10, 0x00, 0x01, 0x00, 0x00, 0x00, 0x3a, 0x00, 0x10, 0x80,
    0x41, 0x00, 0x00, 0x00, 0x01, 0x00, 0x00, 0x00, 0x3a, 0x00, 0x10, 0x00,
    0x01, 0x00, 0x00, 0x00, 0x31, 0x00, 0x00, 0x07, 0x42, 0x00, 0x10, 0x00,
    0x01, 0x00, 0x00, 0x00, 0x0a, 0x00, 0x10, 0x00, 0x01, 0x00, 0x00, 0x00,
    0x01, 0x40, 0x00, 0x00, 0x00, 0x00, 0x00, 0x00, 0x1f, 0x00, 0x04, 0x03,
    0x2a, 0x00, 0x10, 0x00, 0x01, 0x00, 0x00, 0x00, 0x00, 0x00, 0x00, 0x07,
    0x12, 0x00, 0x10, 0x00, 0x01, 0x00, 0x00, 0x00, 0x0a, 0x00, 0x10, 0x00,
    0x01, 0x00, 0x00, 0x00, 0x01, 0x40, 0x00, 0x00, 0xdb, 0x0f, 0xc9, 0x40,
    0x15, 0x00, 0x00, 0x01, 0x00, 0x00, 0x00, 0x08, 0x42, 0x00, 0x10, 0x00,
    0x01, 0x00, 0x00, 0x00, 0x0a, 0x10, 0x10, 0x80, 0x41, 0x00, 0x00, 0x00,
    0x03, 0x00, 0x00, 0x00, 0x1a, 0x10, 0x10, 0x00, 0x03, 0x00, 0x00, 0x00,
    0x31, 0x00, 0x00, 0x08, 0x82, 0x00, 0x10, 0x00, 0x01, 0x00, 0x00, 0x00,
    0x01, 0x40, 0x00, 0x00, 0x17, 0xb7, 0xd1, 0x38, 0x2a, 0x00, 0x10, 0x80,
    0x81, 0x00, 0x00, 0x00, 0x01, 0x00, 0x00, 0x00, 0x00, 0x00, 0x00, 0x08,
    0x12, 0x00, 0x10, 0x00, 0x01, 0x00, 0x00, 0x00, 0x0a, 0x00, 0x10, 0x00,
    0x01, 0x00, 0x00, 0x00, 0x0a, 0x10, 0x10, 0x80, 0x41, 0x00, 0x00, 0x00,
    0x03, 0x00, 0x00, 0x00, 0x0e, 0x00, 0x00, 0x07, 0x12, 0x00, 0x10, 0x00,
    0x01, 0x00, 0x00, 0x00, 0x0a, 0x00, 0x10, 0x00, 0x01, 0x00, 0x00, 0x00,
    0x2a, 0x00, 0x10, 0x00, 0x01, 0x00, 0x00, 0x00, 0x01, 0x00, 0x00, 0x07,
    0x12, 0x00, 0x10, 0x00, 0x02, 0x00, 0x00, 0x00, 0x0a, 0x00, 0x10, 0x00,
    0x01, 0x00, 0x00, 0x00, 0x3a, 0x00, 0x10, 0x00, 0x01, 0x00, 0x00, 0x00,
    0x15, 0x00, 0x00, 0x01, 0x15, 0x00, 0x00, 0x01, 0x31, 0x00, 0x00, 0x07,
    0x12, 0x00, 0x10, 0x00, 0x01, 0x00, 0x00, 0x00, 0x0a, 0x10, 0x10, 0x00,
    0x04, 0x00, 0x00, 0x00, 0x01, 0x40, 0x00, 0x00, 0x00, 0x00, 0x00, 0x3f,
    0x1f, 0x00, 0x04, 0x03, 0x0a, 0x00, 0x10, 0x00, 0x01, 0x00, 0x00, 0x00,
    0x36, 0x20, 0x00, 0x05, 0x12, 0x00, 0x10, 0x00, 0x02, 0x00, 0x00, 0x00,
    0x0a, 0x00, 0x10, 0x00, 0x02, 0x00, 0x00, 0x00, 0x12, 0x00, 0x00, 0x01,
    0x31, 0x00, 0x00, 0x07, 0x12, 0x00, 0x10, 0x00, 0x01, 0x00, 0x00, 0x00,
    0x0a, 0x10, 0x10, 0x00, 0x04, 0x00, 0x00, 0x00, 0x01, 0x40, 0x00, 0x00,
    0x00, 0x00, 0xc0, 0x3f, 0x1f, 0x00, 0x04, 0x03, 0x0a, 0x00, 0x10, 0x00,
    0x01, 0x00, 0x00, 0x00, 0x1a, 0x00, 0x00, 0x05, 0x12, 0x00, 0x10, 0x00,
    0x02, 0x00, 0x00, 0x00, 0x0a, 0x00, 0x10, 0x00, 0x02, 0x00, 0x00, 0x00,
    0x12, 0x00, 0x00, 0x01, 0x38, 0x00, 0x00, 0x07, 0x12, 0x00, 0x10, 0x00,
    0x01, 0x00, 0x00, 0x00, 0x0a, 0x00, 0x10, 0x00, 0x02, 0x00, 0x00, 0x00,
    0x01, 0x40, 0x00, 0x00, 0x00, 0x00, 0x00, 0x3f, 0x41, 0x00, 0x00, 0x05,
    0x12, 0x00, 0x10, 0x00, 0x01, 0x00, 0x00, 0x00, 0x0a, 0x00, 0x10, 0x00,
    0x01, 0x00, 0x00, 0x00, 0x32, 0x00, 0x00, 0x0a, 0x12, 0x00, 0x10, 0x00,
    0x01, 0x00, 0x00, 0x00, 0x0a, 0x00, 0x10, 0x80, 0x41, 0x00, 0x00, 0x00,
    0x01, 0x00, 0x00, 0x00, 0x01, 0x40, 0x00, 0x00, 0x00, 0x00, 0x00, 0x40,
    0x0a, 0x00, 0x10, 0x00, 0x02, 0x00, 0x00, 0x00, 0x31, 0x00, 0x00, 0x07,
    0x42, 0x00, 0x10, 0x00, 0x01, 0x00, 0x00, 0x00, 0x01, 0x40, 0x00, 0x00,
    0x00, 0x00, 0x80, 0x3f, 0x0a, 0x00, 0x10, 0x00, 0x01, 0x00, 0x00, 0x00,
    0x00, 0x00, 0x00, 0x08, 0x82, 0x00, 0x10, 0x00, 0x01, 0x00, 0x00, 0x00,
    0x0a, 0x00, 0x10, 0x80, 0x41, 0x00, 0x00, 0x00, 0x01, 0x00, 0x00, 0x00,
    0x01, 0x40, 0x00, 0x00, 0x00, 0x00, 0x00, 0x40, 0x37, 0x00, 0x00, 0x09,
    0x12, 0x00, 0x10, 0x00, 0x02, 0x00, 0x00, 0x00, 0x2a, 0x00, 0x10, 0x00,
    0x01, 0x00, 0x00, 0x00, 0x3a, 0x00, 0x10, 0x00, 0x01, 0x00, 0x00, 0x00,
    0x0a, 0x00, 0x10, 0x00, 0x01, 0x00, 0x00, 0x00, 0x15, 0x00, 0x00, 0x01,
    0x15, 0x00, 0x00, 0x01, 0x36, 0x00, 0x00, 0x05, 0x22, 0x00, 0x10, 0x00,
    0x02, 0x00, 0x00, 0x00, 0x01, 0x40, 0x00, 0x00, 0x00, 0x00, 0x00, 0x3f,
    0x45, 0x00, 0x00, 0x0b, 0xf2, 0x00, 0x10, 0x00, 0x02, 0x00, 0x00, 0x00,
    0x46, 0x00, 0x10, 0x00, 0x02, 0x00, 0x00, 0x00, 0x46, 0x7e, 0x20, 0x00,
    0x01, 0x00, 0x00, 0x00, 0x01, 0x00, 0x00, 0x00, 0x00, 0x60, 0x20, 0x00,
    0x00, 0x00, 0x00, 0x00, 0x02, 0x00, 0x00, 0x00, 0x1f, 0x00, 0x04, 0x03,
    0x1a, 0x00, 0x10, 0x00, 0x01, 0x00, 0x00, 0x00, 0x38, 0x00, 0x00, 0x07,
    0xf2, 0x20, 0x10, 0x00, 0x00, 0x00, 0x00, 0x00, 0x46, 0x0e, 0x10, 0x00,
    0x00, 0x00, 0x00, 0x00, 0xf6, 0x0f, 0x10, 0x00, 0x02, 0x00, 0x00, 0x00,
    0x3e, 0x00, 0x00, 0x01, 0x12, 0x00, 0x00, 0x01, 0x38, 0x00, 0x00, 0x07,
    0xf2, 0x20, 0x10, 0x00, 0x00, 0x00, 0x00, 0x00, 0x46, 0x0e, 0x10, 0x00,
    0x00, 0x00, 0x00, 0x00, 0x46, 0x0e, 0x10, 0x00, 0x02, 0x00, 0x00, 0x00,
    0x3e, 0x00, 0x00, 0x01, 0x15, 0x00, 0x00, 0x01, 0x3e, 0x00, 0x00, 0x01,
    0x53, 0x54, 0x41, 0x54, 0x94, 0x00, 0x00, 0x00, 0x51, 0x00, 0x00, 0x00,
    0x04, 0x00, 0x00, 0x00, 0x00, 0x00, 0x00, 0x00, 0x08, 0x00, 0x00, 0x00,
    0x31, 0x00, 0x00, 0x00, 0x00, 0x00, 0x00, 0x00, 0x06, 0x00, 0x00, 0x00,
    0x07, 0x00, 0x00, 0x00, 0x06, 0x00, 0x00, 0x00, 0x00, 0x00, 0x00, 0x00,
    0x00, 0x00, 0x00, 0x00, 0x00, 0x00, 0x00, 0x00, 0x00, 0x00, 0x00, 0x00,
    0x00, 0x00, 0x00, 0x00, 0x02, 0x00, 0x00, 0x00, 0x00, 0x00, 0x00, 0x00,
    0x00, 0x00, 0x00, 0x00, 0x00, 0x00, 0x00, 0x00, 0x00, 0x00, 0x00, 0x00,
    0x02, 0x00, 0x00, 0x00, 0x02, 0x00, 0x00, 0x00, 0x02, 0x00, 0x00, 0x00,
    0x00, 0x00, 0x00, 0x00, 0x00, 0x00, 0x00, 0x00, 0x00, 0x00, 0x00, 0x00,
    0x00, 0x00, 0x00, 0x00, 0x00, 0x00, 0x00, 0x00, 0x00, 0x00, 0x00, 0x00,
    0x00, 0x00, 0x00, 0x00, 0x00, 0x00, 0x00, 0x00, 0x00, 0x00, 0x00, 0x00,
    0x00, 0x00, 0x00, 0x00, 0x00, 0x00, 0x00, 0x00, 0x00, 0x00, 0x00, 0x00,
    0x00, 0x00, 0x00, 0x00, 0x00, 0x00, 0x00, 0x00, 0x00, 0x00, 0x00, 0x00,
};

static const unsigned int kshader_mask_ps_csoSize = 2928;

static const unsigned char kicon_vs_cso[] = {
    0x44, 0x58, 0x42, 0x43, 0x97, 0x62, 0x3b, 0x79, 0x9c, 0x4b, 0x5c, 0x29,
    0xa4, 0x4f, 0x22, 0x84, 0xc1, 0x8f, 0x75, 0x8b, 0x01, 0x00, 0x00, 0x00,
    0x24, 0x05, 0x00, 0x00, 0x05, 0x00, 0x00, 0x00, 0x34, 0x00, 0x00, 0x00,
    0x30, 0x02, 0x00, 0x00, 0x7c, 0x02, 0x00, 0x00, 0x04, 0x03, 0x00, 0x00,
    0x88, 0x04, 0x00, 0x00, 0x52, 0x44, 0x45, 0x46, 0xf4, 0x01, 0x00, 0x00,
    0x01, 0x00, 0x00, 0x00, 0x74, 0x00, 0x00, 0x00, 0x01, 0x00, 0x00, 0x00,
    0x3c, 0x00, 0x00, 0x00, 0x01, 0x05, 0xfe, 0xff, 0x00, 0x05, 0x00, 0x00,
    0xcc, 0x01, 0x00, 0x00, 0x13, 0x13, 0x44, 0x25, 0x3c, 0x00, 0x00, 0x00,
    0x18, 0x00, 0x00, 0x00, 0x28, 0x00, 0x00, 0x00, 0x28, 0x00, 0x00, 0x00,
    0x24, 0x00, 0x00, 0x00, 0x0c, 0x00, 0x00, 0x00, 0x00, 0x00, 0x00, 0x00,
    0x64, 0x00, 0x00, 0x00, 0x00, 0x00, 0x00, 0x00, 0x00, 0x00, 0x00, 0x00,
    0x00, 0x00, 0x00, 0x00, 0x00, 0x00, 0x00, 0x00, 0x00, 0x00, 0x00, 0x00,
    0x01, 0x00, 0x00, 0x00, 0x01, 0x00, 0x00, 0x00, 0x00, 0x00, 0x00, 0x00,
    0x00, 0x00, 0x00, 0x00, 0x49, 0x63, 0x6f, 0x6e, 0x55, 0x6e, 0x69, 0x66,
    0x6f, 0x72, 0x6d, 0x73, 0x00, 0xab, 0xab, 0xab, 0x64, 0x00, 0x00, 0x00,
    0x04, 0x00, 0x00, 0x00, 0x8c, 0x00, 0x00, 0x00, 0x20, 0x00, 0x00, 0x00,
    0x00, 0x00, 0x00, 0x00, 0x00, 0x00, 0x00, 0x00, 0x2c, 0x01, 0x00, 0x00,
    0x00, 0x00, 0x00, 0x00, 0x08, 0x00, 0x00, 0x00, 0x02, 0x00, 0x00, 0x00,
    0x3c, 0x01, 0x00, 0x00, 0x00, 0x00, 0x00, 0x00, 0xff, 0xff, 0xff, 0xff,
    0x00, 0x00, 0x00, 0x00, 0xff, 0xff, 0xff, 0xff, 0x00, 0x00, 0x00, 0x00,
    0x60, 0x01, 0x00, 0x00, 0x08, 0x00, 0x00, 0x00, 0x04, 0x00, 0x00, 0x00,
    0x02, 0x00, 0x00, 0x00, 0x70, 0x01, 0x00, 0x00, 0x00, 0x00, 0x00, 0x00,
    0xff, 0xff, 0xff, 0xff, 0x00, 0x00, 0x00, 0x00, 0xff, 0xff, 0xff, 0xff,
    0x00, 0x00, 0x00, 0x00, 0x94, 0x01, 0x00, 0x00, 0x0c, 0x00, 0x00, 0x00,
    0x04, 0x00, 0x00, 0x00, 0x00, 0x00, 0x00, 0x00, 0x70, 0x01, 0x00, 0x00,
    0x00, 0x00, 0x00, 0x00, 0xff, 0xff, 0xff, 0xff, 0x00, 0x00, 0x00, 0x00,
    0xff, 0xff, 0xff, 0xff, 0x00, 0x00, 0x00, 0x00, 0x99, 0x01, 0x00, 0x00,
    0x10, 0x00, 0x00, 0x00, 0x10, 0x00, 0x00, 0x00, 0x02, 0x00, 0x00, 0x00,
    0xa8, 0x01, 0x00, 0x00, 0x00, 0x00, 0x00, 0x00, 0xff, 0xff, 0xff, 0xff,
    0x00, 0x00, 0x00, 0x00, 0xff, 0xff, 0xff, 0xff, 0x00, 0x00, 0x00, 0x00,
    0x76, 0x69, 0x65, 0x77, 0x70, 0x6f, 0x72, 0x74, 0x00, 0x66, 0x6c, 0x6f,
    0x61, 0x74, 0x32, 0x00, 0x01, 0x00, 0x03, 0x00, 0x01, 0x00, 0x02, 0x00,
    0x00, 0x00, 0x00, 0x00, 0x00, 0x00, 0x00, 0x00, 0x00, 0x00, 0x00, 0x00,
    0x00, 0x00, 0x00, 0x00, 0x00, 0x00, 0x00, 0x00, 0x00, 0x00, 0x00, 0x00,
    0x35, 0x01, 0x00, 0x00, 0x6f, 0x70, 0x61, 0x63, 0x69, 0x74, 0x79, 0x00,
    0x66, 0x6c, 0x6f, 0x61, 0x74, 0x00, 0xab, 0xab, 0x00, 0x00, 0x03, 0x00,
    0x01, 0x00, 0x01, 0x00, 0x00, 0x00, 0x00, 0x00, 0x00, 0x00, 0x00, 0x00,
    0x00, 0x00, 0x00, 0x00, 0x00, 0x00, 0x00, 0x00, 0x00, 0x00, 0x00, 0x00,
    0x00, 0x00, 0x00, 0x00, 0x68, 0x01, 0x00, 0x00, 0x5f, 0x70, 0x61, 0x64,
    0x00, 0x74, 0x69, 0x6e, 0x74, 0x00, 0x66, 0x6c, 0x6f, 0x61, 0x74, 0x34,
    0x00, 0xab, 0xab, 0xab, 0x01, 0x00, 0x03, 0x00, 0x01, 0x00, 0x04, 0x00,
    0x00, 0x00, 0x00, 0x00, 0x00, 0x00, 0x00, 0x00, 0x00, 0x00, 0x00, 0x00,
    0x00, 0x00, 0x00, 0x00, 0x00, 0x00, 0x00, 0x00, 0x00, 0x00, 0x00, 0x00,
    0x9e, 0x01, 0x00, 0x00, 0x4d, 0x69, 0x63, 0x72, 0x6f, 0x73, 0x6f, 0x66,
    0x74, 0x20, 0x28, 0x52, 0x29, 0x20, 0x48, 0x4c, 0x53, 0x4c, 0x20, 0x53,
    0x68, 0x61, 0x64, 0x65, 0x72, 0x20, 0x43, 0x6f, 0x6d, 0x70, 0x69, 0x6c,
    0x65, 0x72, 0x20, 0x31, 0x30, 0x2e, 0x31, 0x00, 0x49, 0x53, 0x47, 0x4e,
    0x44, 0x00, 0x00, 0x00, 0x02, 0x00, 0x00, 0x00, 0x08, 0x00, 0x00, 0x00,
    0x38, 0x00, 0x00, 0x00, 0x00, 0x00, 0x00, 0x00, 0x00, 0x00, 0x00, 0x00,
    0x03, 0x00, 0x00, 0x00, 0x00, 0x00, 0x00, 0x00, 0x07, 0x07, 0x00, 0x00,
    0x38, 0x00, 0x00, 0x00, 0x01, 0x00, 0x00, 0x00, 0x00, 0x00, 0x00, 0x00,
    0x03, 0x00, 0x00, 0x00, 0x01, 0x00, 0x00, 0x00, 0x03, 0x03, 0x00, 0x00,
    0x54, 0x45, 0x58, 0x43, 0x4f, 0x4f, 0x52, 0x44, 0x00, 0xab, 0xab, 0xab,
    0x4f, 0x53, 0x47, 0x4e, 0x80, 0x00, 0x00, 0x00, 0x04, 0x00, 0x00, 0x00,
    0x08, 0x00, 0x00, 0x00, 0x68, 0x00, 0x00, 0x00, 0x00, 0x00, 0x00, 0x00,
    0x01, 0x00, 0x00, 0x00, 0x03, 0x00, 0x00, 0x00, 0x00, 0x00, 0x00, 0x00,
    0x0f, 0x00, 0x00, 0x00, 0x74, 0x00, 0x00, 0x00, 0x00, 0x00, 0x00, 0x00,
    0x00, 0x00, 0x00, 0x00, 0x03, 0x00, 0x00, 0x00, 0x01, 0x00, 0x00, 0x00,
    0x03, 0x0c, 0x00, 0x00, 0x74, 0x00, 0x00, 0x00, 0x01, 0x00, 0x00, 0x00,
    0x00, 0x00, 0x00, 0x00, 0x03, 0x00, 0x00, 0x00, 0x01, 0x00, 0x00, 0x00,
    0x04, 0x0b, 0x00, 0x00, 0x74, 0x00, 0x00, 0x00, 0x02, 0x00, 0x00, 0x00,
    0x00, 0x00, 0x00, 0x00, 0x03, 0x00, 0x00, 0x00, 0x02, 0x00, 0x00, 0x00,
    0x0f, 0x00, 0x00, 0x00, 0x53, 0x56, 0x5f, 0x50, 0x4f, 0x53, 0x49, 0x54,
    0x49, 0x4f, 0x4e, 0x00, 0x54, 0x45, 0x58, 0x43, 0x4f, 0x4f, 0x52, 0x44,
    0x00, 0xab, 0xab, 0xab, 0x53, 0x48, 0x45, 0x58, 0x7c, 0x01, 0x00, 0x00,
    0x51, 0x00, 0x01, 0x00, 0x5f, 0x00, 0x00, 0x00, 0x6a, 0x08, 0x00, 0x01,
    0x59, 0x00, 0x00, 0x07, 0x46, 0x8e, 0x30, 0x00, 0x00, 0x00, 0x00, 0x00,
    0x00, 0x00, 0x00, 0x00, 0x00, 0x00, 0x00, 0x00, 0x02, 0x00, 0x00, 0x00,
    0x00, 0x00, 0x00, 0x00, 0x5f, 0x00, 0x00, 0x03, 0x72, 0x10, 0x10, 0x00,
    0x00, 0x00, 0x00, 0x00, 0x5f, 0x00, 0x00, 0x03, 0x32, 0x10, 0x10, 0x00,
    0x01, 0x00, 0x00, 0x00, 0x67, 0x00, 0x00, 0x04, 0xf2, 0x20, 0x10, 0x00,
    0x00, 0x00, 0x00, 0x00, 0x01, 0x00, 0x00, 0x00, 0x65, 0x00, 0x00, 0x03,
    0x32, 0x20, 0x10, 0x00, 0x01, 0x00, 0x00, 0x00, 0x65, 0x00, 0x00, 0x03,
    0x42, 0x20, 0x10, 0x00, 0x01, 0x00, 0x00, 0x00, 0x65, 0x00, 0x00, 0x03,
    0xf2, 0x20, 0x10, 0x00, 0x02, 0x00, 0x00, 0x00, 0x68, 0x00, 0x00, 0x02,
    0x01, 0x00, 0x00, 0x00, 0x00, 0x00, 0x00, 0x07, 0x32, 0x00, 0x10, 0x00,
    0x00, 0x00, 0x00, 0x00, 0x46, 0x10, 0x10, 0x00, 0x00, 0x00, 0x00, 0x00,
    0x46, 0x10, 0x10, 0x00, 0x00, 0x00, 0x00, 0x00, 0x0e, 0x00, 0x00, 0x09,
    0x32, 0x00, 0x10, 0x00, 0x00, 0x00, 0x00, 0x00, 0x46, 0x00, 0x10, 0x00,
    0x00, 0x00, 0x00, 0x00, 0x46, 0x80, 0x30, 0x00, 0x00, 0x00, 0x00, 0x00,
    0x00, 0x00, 0x00, 0x00, 0x00, 0x00, 0x00, 0x00, 0x00, 0x00, 0x00, 0x08,
    0x32, 0x00, 0x10, 0x00, 0x00, 0x00, 0x00, 0x00, 0x46, 0x00, 0x10, 0x00,
    0x00, 0x00, 0x00, 0x00, 0xa6, 0x1a, 0x10, 0x80, 0x41, 0x00, 0x00, 0x00,
    0x00, 0x00, 0x00, 0x00, 0x38, 0x00, 0x00, 0x0a, 0x32, 0x20, 0x10, 0x00,
    0x00, 0x00, 0x00, 0x00, 0x46, 0x00, 0x10, 0x00, 0x00, 0x00, 0x00, 0x00,
    0x02, 0x40, 0x00, 0x00, 0x00, 0x00, 0x80, 0x3f, 0x00, 0x00, 0x80, 0xbf,
    0x00, 0x00, 0x00, 0x00, 0x00, 0x00, 0x00, 0x00, 0x36, 0x00, 0x00, 0x05,
    0x42, 0x20, 0x10, 0x00, 0x00, 0x00, 0x00, 0x00, 0x01, 0x40, 0x00, 0x00,
    0x00, 0x00, 0x00, 0x00, 0x36, 0x00, 0x00, 0x05, 0x82, 0x20, 0x10, 0x00,
    0x00, 0x00, 0x00, 0x00, 0x2a, 0x10, 0x10, 0x00, 0x00, 0x00, 0x00, 0x00,
    0x36, 0x00, 0x00, 0x07, 0xf2, 0x20, 0x10, 0x00, 0x02, 0x00, 0x00, 0x00,
    0x46, 0x8e, 0x30, 0x00, 0x00, 0x00, 0x00, 0x00, 0x00, 0x00, 0x00, 0x00,
    0x01, 0x00, 0x00, 0x00, 0x36, 0x00, 0x00, 0x05, 0x32, 0x20, 0x10, 0x00,
    0x01, 0x00, 0x00, 0x00, 0x46, 0x10, 0x10, 0x00, 0x01, 0x00, 0x00, 0x00,
    0x36, 0x00, 0x00, 0x07, 0x42, 0x20, 0x10, 0x00, 0x01, 0x00, 0x00, 0x00,
    0x2a, 0x80, 0x30, 0x00, 0x00, 0x00, 0x00, 0x00, 0x00, 0x00, 0x00, 0x00,
    0x00, 0x00, 0x00, 0x00, 0x3e, 0x00, 0x00, 0x01, 0x53, 0x54, 0x41, 0x54,
    0x94, 0x00, 0x00, 0x00, 0x0a, 0x00, 0x00, 0x00, 0x01, 0x00, 0x00, 0x00,
    0x00, 0x00, 0x00, 0x00, 0x06, 0x00, 0x00, 0x00, 0x04, 0x00, 0x00, 0x00,
    0x00, 0x00, 0x00, 0x00, 0x00, 0x00, 0x00, 0x00, 0x01, 0x00, 0x00, 0x00,
    0x00, 0x00, 0x00, 0x00, 0x00, 0x00, 0x00, 0x00, 0x00, 0x00, 0x00, 0x00,
    0x00, 0x00, 0x00, 0x00, 0x00, 0x00, 0x00, 0x00, 0x00, 0x00, 0x00, 0x00,
    0x00, 0x00, 0x00, 0x00, 0x00, 0x00, 0x00, 0x00, 0x00, 0x00, 0x00, 0x00,
    0x00, 0x00, 0x00, 0x00, 0x00, 0x00, 0x00, 0x00, 0x05, 0x00, 0x00, 0x00,
    0x00, 0x00, 0x00, 0x00, 0x00, 0x00, 0x00, 0x00, 0x00, 0x00, 0x00, 0x00,
    0x00, 0x00, 0x00, 0x00, 0x00, 0x00, 0x00, 0x00, 0x00, 0x00, 0x00, 0x00,
    0x00, 0x00, 0x00, 0x00, 0x00, 0x00, 0x00, 0x00, 0x00, 0x00, 0x00, 0x00,
    0x00, 0x00, 0x00, 0x00, 0x00, 0x00, 0x00, 0x00, 0x00, 0x00, 0x00, 0x00,
    0x00, 0x00, 0x00, 0x00, 0x00, 0x00, 0x00, 0x00, 0x00, 0x00, 0x00, 0x00,
    0x00, 0x00, 0x00, 0x00, 0x00, 0x00, 0x00, 0x00,
};

static const unsigned int kicon_vs_csoSize = 1316;

static const unsigned char kicon_ps_cso[] = {
    0x44, 0x58, 0x42, 0x43, 0x96, 0xec, 0x28, 0x77, 0xa9, 0x74, 0xd6, 0xe4,
    0x19, 0x87, 0xb9, 0x60, 0x79, 0x46, 0xe5, 0xc8, 0x01, 0x00, 0x00, 0x00,
    0x6c, 0x03, 0x00, 0x00, 0x05, 0x00, 0x00, 0x00, 0x34, 0x00, 0x00, 0x00,
    0xfc, 0x00, 0x00, 0x00, 0x84, 0x01, 0x00, 0x00, 0xb8, 0x01, 0x00, 0x00,
    0xd0, 0x02, 0x00, 0x00, 0x52, 0x44, 0x45, 0x46, 0xc0, 0x00, 0x00, 0x00,
    0x00, 0x00, 0x00, 0x00, 0x00, 0x00, 0x00, 0x00, 0x02, 0x00, 0x00, 0x00,
    0x3c, 0x00, 0x00, 0x00, 0x01, 0x05, 0xff, 0xff, 0x00, 0x05, 0x00, 0x00,
    0x96, 0x00, 0x00, 0x00, 0x13, 0x13, 0x44, 0x25, 0x3c, 0x00, 0x00, 0x00,
    0x18, 0x00, 0x00, 0x00, 0x28, 0x00, 0x00, 0x00, 0x28, 0x00, 0x00, 0x00,
    0x24, 0x00, 0x00, 0x00, 0x0c, 0x00, 0x00, 0x00, 0x00, 0x00, 0x00, 0x00,
    0x8c, 0x00, 0x00, 0x00, 0x03, 0x00, 0x00, 0x00, 0x00, 0x00, 0x00, 0x00,
    0x00, 0x00, 0x00, 0x00, 0x00, 0x00, 0x00, 0x00, 0x01, 0x00, 0x00, 0x00,
    0x01, 0x00, 0x00, 0x00, 0x00, 0x00, 0x00, 0x00, 0x01, 0x00, 0x00, 0x00,
    0x00, 0x00, 0x00, 0x00, 0x91, 0x00, 0x00, 0x00, 0x02, 0x00, 0x00, 0x00,
    0x05, 0x00, 0x00, 0x00, 0x04, 0x00, 0x00, 0x00, 0xff, 0xff, 0xff, 0xff,
    0x00, 0x00, 0x00, 0x00, 0x01, 0x00, 0x00, 0x00, 0x0c, 0x00, 0x00, 0x00,
    0x01, 0x00, 0x00, 0x00, 0x00, 0x00, 0x00, 0x00, 0x67, 0x53, 0x6d, 0x70,
    0x00, 0x67, 0x54, 0x65, 0x78, 0x00, 0x4d, 0x69, 0x63, 0x72, 0x6f, 0x73,
    0x6f, 0x66, 0x74, 0x20, 0x28, 0x52, 0x29, 0x20, 0x48, 0x4c, 0x53, 0x4c,
    0x20, 0x53, 0x68, 0x61, 0x64, 0x65, 0x72, 0x20, 0x43, 0x6f, 0x6d, 0x70,
    0x69, 0x6c, 0x65, 0x72, 0x20, 0x31, 0x30, 0x2e, 0x31, 0x00, 0xab, 0xab,
    0x49, 0x53, 0x47, 0x4e, 0x80, 0x00, 0x00, 0x00, 0x04, 0x00, 0x00, 0x00,
    0x08, 0x00, 0x00, 0x00, 0x68, 0x00, 0x00, 0x00, 0x00, 0x00, 0x00, 0x00,
    0x01, 0x00, 0x00, 0x00, 0x03, 0x00, 0x00, 0x00, 0x00, 0x00, 0x00, 0x00,
    0x0f, 0x00, 0x00, 0x00, 0x74, 0x00, 0x00, 0x00, 0x00, 0x00, 0x00, 0x00,
    0x00, 0x00, 0x00, 0x00, 0x03, 0x00, 0x00, 0x00, 0x01, 0x00, 0x00, 0x00,
    0x03, 0x03, 0x00, 0x00, 0x74, 0x00, 0x00, 0x00, 0x01, 0x00, 0x00, 0x00,
    0x00, 0x00, 0x00, 0x00, 0x03, 0x00, 0x00, 0x00, 0x01, 0x00, 0x00, 0x00,
    0x04, 0x04, 0x00, 0x00, 0x74, 0x00, 0x00, 0x00, 0x02, 0x00, 0x00, 0x00,
    0x00, 0x00, 0x00, 0x00, 0x03, 0x00, 0x00, 0x00, 0x02, 0x00, 0x00, 0x00,
    0x0f, 0x0f, 0x00, 0x00, 0x53, 0x56, 0x5f, 0x50, 0x4f, 0x53, 0x49, 0x54,
    0x49, 0x4f, 0x4e, 0x00, 0x54, 0x45, 0x58, 0x43, 0x4f, 0x4f, 0x52, 0x44,
    0x00, 0xab, 0xab, 0xab, 0x4f, 0x53, 0x47, 0x4e, 0x2c, 0x00, 0x00, 0x00,
    0x01, 0x00, 0x00, 0x00, 0x08, 0x00, 0x00, 0x00, 0x20, 0x00, 0x00, 0x00,
    0x00, 0x00, 0x00, 0x00, 0x00, 0x00, 0x00, 0x00, 0x03, 0x00, 0x00, 0x00,
    0x00, 0x00, 0x00, 0x00, 0x0f, 0x00, 0x00, 0x00, 0x53, 0x56, 0x5f, 0x54,
    0x41, 0x52, 0x47, 0x45, 0x54, 0x00, 0xab, 0xab, 0x53, 0x48, 0x45, 0x58,
    0x10, 0x01, 0x00, 0x00, 0x51, 0x00, 0x00, 0x00, 0x44, 0x00, 0x00, 0x00,
    0x6a, 0x08, 0x00, 0x01, 0x5a, 0x00, 0x00, 0x06, 0x46, 0x6e, 0x30, 0x00,
    0x00, 0x00, 0x00, 0x00, 0x01, 0x00, 0x00, 0x00, 0x01, 0x00, 0x00, 0x00,
    0x01, 0x00, 0x00, 0x00, 0x58, 0x18, 0x00, 0x07, 0x46, 0x7e, 0x30, 0x00,
    0x00, 0x00, 0x00, 0x00, 0x00, 0x00, 0x00, 0x00, 0x00, 0x00, 0x00, 0x00,
    0x55, 0x55, 0x00, 0x00, 0x01, 0x00, 0x00, 0x00, 0x62, 0x10, 0x00, 0x03,
    0x32, 0x10, 0x10, 0x00, 0x01, 0x00, 0x00, 0x00, 0x62, 0x10, 0x00, 0x03,
    0x42, 0x10, 0x10, 0x00, 0x01, 0x00, 0x00, 0x00, 0x62, 0x10, 0x00, 0x03,
    0xf2, 0x10, 0x10, 0x00, 0x02, 0x00, 0x00, 0x00, 0x65, 0x00, 0x00, 0x03,
    0xf2, 0x20, 0x10, 0x00, 0x00, 0x00, 0x00, 0x00, 0x68, 0x00, 0x00, 0x02,
    0x01, 0x00, 0x00, 0x00, 0x45, 0x00, 0x00, 0x0b, 0x12, 0x00, 0x10, 0x00,
    0x00, 0x00, 0x00, 0x00, 0x46, 0x10, 0x10, 0x00, 0x01, 0x00, 0x00, 0x00,
    0x36, 0x79, 0x20, 0x00, 0x00, 0x00, 0x00, 0x00, 0x00, 0x00, 0x00, 0x00,
    0x00, 0x60, 0x20, 0x00, 0x00, 0x00, 0x00, 0x00, 0x01, 0x00, 0x00, 0x00,
    0x38, 0x00, 0x00, 0x07, 0x12, 0x00, 0x10, 0x00, 0x00, 0x00, 0x00, 0x00,
    0x0a, 0x00, 0x10, 0x00, 0x00, 0x00, 0x00, 0x00, 0x3a, 0x10, 0x10, 0x00,
    0x02, 0x00, 0x00, 0x00, 0x38, 0x00, 0x00, 0x07, 0x12, 0x00, 0x10, 0x00,
    0x00, 0x00, 0x00, 0x00, 0x0a, 0x00, 0x10, 0x00, 0x00, 0x00, 0x00, 0x00,
    0x2a, 0x10, 0x10, 0x00, 0x01, 0x00, 0x00, 0x00, 0x38, 0x00, 0x00, 0x07,
    0x72, 0x20, 0x10, 0x00, 0x00, 0x00, 0x00, 0x00, 0x06, 0x00, 0x10, 0x00,
    0x00, 0x00, 0x00, 0x00, 0x46, 0x12, 0x10, 0x00, 0x02, 0x00, 0x00, 0x00,
    0x36, 0x00, 0x00, 0x05, 0x82, 0x20, 0x10, 0x00, 0x00, 0x00, 0x00, 0x00,
    0x0a, 0x00, 0x10, 0x00, 0x00, 0x00, 0x00, 0x00, 0x3e, 0x00, 0x00, 0x01,
    0x53, 0x54, 0x41, 0x54, 0x94, 0x00, 0x00, 0x00, 0x06, 0x00, 0x00, 0x00,
    0x01, 0x00, 0x00, 0x00, 0x00, 0x00, 0x00, 0x00, 0x04, 0x00, 0x00, 0x00,
    0x03, 0x00, 0x00, 0x00, 0x00, 0x00, 0x00, 0x00, 0x00, 0x00, 0x00, 0x00,
    0x01, 0x00, 0x00, 0x00, 0x00, 0x00, 0x00, 0x00, 0x00, 0x00, 0x00, 0x00,
    0x00, 0x00, 0x00, 0x00, 0x00, 0x00, 0x00, 0x00, 0x00, 0x00, 0x00, 0x00,
    0x00, 0x00, 0x00, 0x00, 0x01, 0x00, 0x00, 0x00, 0x00, 0x00, 0x00, 0x00,
    0x00, 0x00, 0x00, 0x00, 0x00, 0x00, 0x00, 0x00, 0x00, 0x00, 0x00, 0x00,
    0x01, 0x00, 0x00, 0x00, 0x00, 0x00, 0x00, 0x00, 0x00, 0x00, 0x00, 0x00,
    0x00, 0x00, 0x00, 0x00, 0x00, 0x00, 0x00, 0x00, 0x00, 0x00, 0x00, 0x00,
    0x00, 0x00, 0x00, 0x00, 0x00, 0x00, 0x00, 0x00, 0x00, 0x00, 0x00, 0x00,
    0x00, 0x00, 0x00, 0x00, 0x00, 0x00, 0x00, 0x00, 0x00, 0x00, 0x00, 0x00,
    0x00, 0x00, 0x00, 0x00, 0x00, 0x00, 0x00, 0x00, 0x00, 0x00, 0x00, 0x00,
    0x00, 0x00, 0x00, 0x00, 0x00, 0x00, 0x00, 0x00, 0x00, 0x00, 0x00, 0x00,
};

static const unsigned int kicon_ps_csoSize = 876;

} // namespace systems::leal::campello_widgets::shaders